firstname,lastname,username,email,personalemail,streetaddress,city,zipcode,state,country,department,password,telephone,company,ou,physicalDeliveryOfficeName
Paul,Sundberg,Hicestowill,Paul.Sundberg@adatum.com,PaulTSundberg@cuvox.de,1 Georgian Way,Barrie,L4M3X9,ON,Ca,Managers,waithei4Ga2,514-830-2653,Adatum,"OU=Managers,DC=adatum,DC=com",COMP2138-W2024
Roberta,Farrar,Fetudiet,Roberta.Farrar@adatum.com,RobertaAFarrar@dayrep.com,1 Georgian Way,Barrie,L4M3X9,ON,Ca,Managers,ar6yieGh,250-657-7192,Adatum,"OU=Managers,DC=adatum,DC=com",COMP2138-W2024
Amanda,Lewis,Ladon1999,Amanda.Lewis@adatum.com,AmandaMLewis@gustr.com,1 Georgian Way,Barrie,L4M3X9,ON,Ca,Administrative,wahsoKoh6,613-943-2698,Adatum,"OU=Administrative,DC=adatum,DC=com",COMP2138-W2024
John,Harris,Thimpea,John.Harris@adatum.com,JohnHHarris@gustr.com,1 Georgian Way,Barrie,L4M3X9,ON,Ca,Administrative,UiMai7ailei,403-563-3760,Adatum,"OU=Administrative,DC=adatum,DC=com",COMP2138-W2024
Ryan,Gore,Felich,Ryan.Gore@adatum.com,RyanBGore@fleckens.hu,1 Georgian Way,Barrie,L4M3X9,ON,Ca,Research,aN9Mahjoo,613-649-6703,Adatum,"OU=Research,DC=adatum,DC=com",COMP2138-W2024
Jesus,Parker,Moutica,Jesus.Parker@adatum.com,JesusBParker@gustr.com,1 Georgian Way,Barrie,L4M3X9,ON,Ca,Research,ahp5aePhei,250-446-9842,Adatum,"OU=Research,DC=adatum,DC=com",COMP2138-W2024
Lauren,Wilks,Scrioned,Lauren.Wilks@adatum.com,LaurenRWilks@fleckens.hu,1 Georgian Way,Barrie,L4M3X9,ON,Ca,Research,ohya9Iahoo,514-286-9646,Adatum,"OU=Research,DC=adatum,DC=com",COMP2138-W2024
Antoinette,Lang,Hisho1958,Antoinette.Lang@adatum.com,AntoinetteWLang@fleckens.hu,1 Georgian Way,Barrie,L4M3X9,ON,Ca,IT,aaXohka6Oo,613-646-6627,Adatum,"OU=IT,DC=adatum,DC=com",COMP2138-W2024
Joshua,Williams,Militaidele78,Joshua.Williams@adatum.com,JoshuaEWilliams@fleckens.hu,1 Georgian Way,Barrie,L4M3X9,ON,Ca,IT,eipho3caid3Ae,250-472-1529,Adatum,"OU=IT,DC=adatum,DC=com",COMP2138-W2024
Grace,Mitchell,Thernisom,Grace.Mitchell@adatum.com,GraceAMitchell@dayrep.com,1 Georgian Way,Barrie,L4M3X9,ON,Ca,IT,aSuch7aech,514-996-7933,Adatum,"OU=IT,DC=adatum,DC=com",COMP2138-W2024
Charles,Cobb,Peced1950,Charles.Cobb@adatum.com,CharlesRCobb@cuvox.de,1 Georgian Way,Barrie,L4M3X9,ON,Ca,IT,oon2Eegh7,418-809-4766,Adatum,"OU=IT,DC=adatum,DC=com",COMP2138-W2024
Doris,Adorno,Whastood,Doris.Adorno@adatum.com,DorisQAdorno@armyspy.com,1 Georgian Way,Barrie,L4M3X9,ON,Ca,Operations,Weehaech0ei,905-298-6475,Adatum,"OU=Operations,DC=adatum,DC=com",COMP2138-W2024
Gary,Burkley,Allashom,Gary.Burkley@adatum.com,GaryCBurkley@superrito.com,1 Georgian Way,Barrie,L4M3X9,ON,Ca,Operations,uphe8ies9I,403-752-0201,Adatum,"OU=Operations,DC=adatum,DC=com",COMP2138-W2024
Jose,Robinson,Queeme,Jose.Robinson@adatum.com,JoseGRobinson@teleworm.us,1 Georgian Way,Barrie,L4M3X9,ON,Ca,Operations,ohwatoo2oP0Ee,705-493-7975,Adatum,"OU=Operations,DC=adatum,DC=com",COMP2138-W2024
Gloria,Daniel,Thatied,Gloria.Daniel@adatum.com,GloriaMDaniel@teleworm.us,1 Georgian Way,Barrie,L4M3X9,ON,Ca,Operations,yufu3ahv7U,416-388-4054,Adatum,"OU=Operations,DC=adatum,DC=com",COMP2138-W2024
James,Griswold,Builithe70,James.Griswold@adatum.com,JamesPGriswold@rhyta.com,1 Georgian Way,Barrie,L4M3X9,ON,Ca,Operations,Ezahg2quai,905-508-8819,Adatum,"OU=Operations,DC=adatum,DC=com",COMP2138-W2024
Maura,Moss,Roff1950,Maura.Moss@adatum.com,MauraJMoss@gustr.com,1 Georgian Way,Barrie,L4M3X9,ON,Ca,Operations,peQu1raesi,403-343-2607,Adatum,"OU=Operations,DC=adatum,DC=com",COMP2138-W2024
Susan,Scarbrough,Histreas,Susan.Scarbrough@adatum.com,SusanAScarbrough@superrito.com,1 Georgian Way,Barrie,L4M3X9,ON,Ca,Operations,quie8Uu0oh,514-294-9625,Adatum,"OU=Operations,DC=adatum,DC=com",COMP2138-W2024
Barbara,Snyder,Judy1962,Barbara.Snyder@adatum.com,BarbaraRSnyder@rhyta.com,1 Georgian Way,Barrie,L4M3X9,ON,Ca,Operations,aCiy9fais,780-525-4858,Adatum,"OU=Operations,DC=adatum,DC=com",COMP2138-W2024
David,Johnson,Thealks,David.Johnson@adatum.com,DavidSJohnson@armyspy.com,1 Georgian Way,Barrie,L4M3X9,ON,Ca,Operations,rah9eVaiw8,613-332-6872,Adatum,"OU=Operations,DC=adatum,DC=com",COMP2138-W2024
Kimberly,Townsend,Madentopere,Kimberly.Townsend@adatum.com,KimberlyRTownsend@einrot.com,1 Georgian Way,Barrie,L4M3X9,ON,Ca,Operations,fahthaiY2,306-772-5800,Adatum,"OU=Operations,DC=adatum,DC=com",COMP2138-W2024
Cassandra,Dockery,Youtter,Cassandra.Dockery@adatum.com,CassandraHDockery@fleckens.hu,1 Georgian Way,Barrie,L4M3X9,ON,Ca,Operations,BahwaiL8rai,613-533-4344,Adatum,"OU=Operations,DC=adatum,DC=com",COMP2138-W2024
Helen,Snowden,Musaim,Helen.Snowden@adatum.com,HelenSSnowden@superrito.com,1 Georgian Way,Barrie,L4M3X9,ON,Ca,Operations,eiyohxahY7,450-299-6596,Adatum,"OU=Operations,DC=adatum,DC=com",COMP2138-W2024
Graciela,Lopez,Lifely,Graciela.Lopez@adatum.com,GracielaJLopez@fleckens.hu,1 Georgian Way,Barrie,L4M3X9,ON,Ca,Operations,pie6uo5Ie,705-360-1490,Adatum,"OU=Operations,DC=adatum,DC=com",COMP2138-W2024
Edward,Fitch,Bobegglach,Edward.Fitch@adatum.com,EdwardMFitch@gustr.com,1 Georgian Way,Barrie,L4M3X9,ON,Ca,Operations,quiuJeepo5,416-441-0486,Adatum,"OU=Operations,DC=adatum,DC=com",COMP2138-W2024
Oscar,Gordon,Fromen,Oscar.Gordon@adatum.com,OscarKGordon@gustr.com,1 Georgian Way,Barrie,L4M3X9,ON,Ca,Operations,oTaeTh6moCh,416-497-0592,Adatum,"OU=Operations,DC=adatum,DC=com",COMP2138-W2024
John,Tunnell,Biterthus1999,John.Tunnell@adatum.com,JohnATunnell@armyspy.com,1 Georgian Way,Barrie,L4M3X9,ON,Ca,Operations,Oge6ahdia,250-765-5221,Adatum,"OU=Operations,DC=adatum,DC=com",COMP2138-W2024
Sherry,Cross,Hoel1955,Sherry.Cross@adatum.com,SherryCCross@jourrapide.com,1 Georgian Way,Barrie,L4M3X9,ON,Ca,Operations,oht2XeeXahh,514-824-4013,Adatum,"OU=Operations,DC=adatum,DC=com",COMP2138-W2024
Una,Evans,Sixed1953,Una.Evans@adatum.com,UnaREvans@dayrep.com,1 Georgian Way,Barrie,L4M3X9,ON,Ca,Operations,Eikeirah3qu,306-231-5415,Adatum,"OU=Operations,DC=adatum,DC=com",COMP2138-W2024
Lenora,Cotter,Eusive,Lenora.Cotter@adatum.com,LenoraCCotter@einrot.com,1 Georgian Way,Barrie,L4M3X9,ON,Ca,Operations,QuohTeiPu2ah,519-762-3205,Adatum,"OU=Operations,DC=adatum,DC=com",COMP2138-W2024
James,Vogel,Theruirong,James.Vogel@adatum.com,JamesAVogel@fleckens.hu,1 Georgian Way,Barrie,L4M3X9,ON,Ca,Operations,eth2Faemein,519-747-7155,Adatum,"OU=Operations,DC=adatum,DC=com",COMP2138-W2024
Pablo,Roach,Wivereore,Pablo.Roach@adatum.com,PabloLRoach@dayrep.com,1 Georgian Way,Barrie,L4M3X9,ON,Ca,Operations,Chiepoj3n,204-355-3777,Adatum,"OU=Operations,DC=adatum,DC=com",COMP2138-W2024
Thomas,Dell,Sersee,Thomas.Dell@adatum.com,ThomasMDell@teleworm.us,1 Georgian Way,Barrie,L4M3X9,ON,Ca,Operations,eixie3euS,416-234-1983,Adatum,"OU=Operations,DC=adatum,DC=com",COMP2138-W2024
Anne,Beck,Nowas1992,Anne.Beck@adatum.com,AnneJBeck@superrito.com,1 Georgian Way,Barrie,L4M3X9,ON,Ca,Operations,She7Ua6Ahph,519-639-6183,Adatum,"OU=Operations,DC=adatum,DC=com",COMP2138-W2024
Candice,Russell,Agnsur1949,Candice.Russell@adatum.com,CandiceDRussell@cuvox.de,1 Georgian Way,Barrie,L4M3X9,ON,Ca,Operations,eiquae4ooB,867-978-0087,Adatum,"OU=Operations,DC=adatum,DC=com",COMP2138-W2024
Willie,Byron,Grens1951,Willie.Byron@adatum.com,WillieCByron@einrot.com,1 Georgian Way,Barrie,L4M3X9,ON,Ca,Operations,hay0Wei4ais,306-290-6010,Adatum,"OU=Operations,DC=adatum,DC=com",COMP2138-W2024
Maria,Perez,Thadjoble,Maria.Perez@adatum.com,MariaMPerez@armyspy.com,1 Georgian Way,Barrie,L4M3X9,ON,Ca,Operations,Quiim5aiFei,250-863-4903,Adatum,"OU=Operations,DC=adatum,DC=com",COMP2138-W2024
Colleen,Martin,Wirave,Colleen.Martin@adatum.com,ColleenMMartin@teleworm.us,1 Georgian Way,Barrie,L4M3X9,ON,Ca,Operations,Yahsoo2oogh,416-405-8159,Adatum,"OU=Operations,DC=adatum,DC=com",COMP2138-W2024
Laura,Perez,Whislove69,Laura.Perez@adatum.com,LauraMPerez@superrito.com,1 Georgian Way,Barrie,L4M3X9,ON,Ca,Operations,Cah5aef4ieg,604-412-0925,Adatum,"OU=Operations,DC=adatum,DC=com",COMP2138-W2024
Sylvia,Brown,Ancon1947,Sylvia.Brown@adatum.com,SylviaCBrown@superrito.com,1 Georgian Way,Barrie,L4M3X9,ON,Ca,Operations,Eaquaig4Ee,519-642-0462,Adatum,"OU=Operations,DC=adatum,DC=com",COMP2138-W2024
Allen,Yates,Deatifight,Allen.Yates@adatum.com,AllenSYates@dayrep.com,1 Georgian Way,Barrie,L4M3X9,ON,Ca,Operations,Pae4ahLe5y,416-502-2711,Adatum,"OU=Operations,DC=adatum,DC=com",COMP2138-W2024
Thelma,Johnson,Woulgethater1954,Thelma.Johnson@adatum.com,ThelmaDJohnson@superrito.com,1 Georgian Way,Barrie,L4M3X9,ON,Ca,Operations,cu5ohCh7iyie,604-841-2460,Adatum,"OU=Operations,DC=adatum,DC=com",COMP2138-W2024
Nell,Huffman,Diethat,Nell.Huffman@adatum.com,NellMHuffman@teleworm.us,1 Georgian Way,Barrie,L4M3X9,ON,Ca,Operations,eev3waghaeH,403-883-7131,Adatum,"OU=Operations,DC=adatum,DC=com",COMP2138-W2024
Peter,Phillips,Mushoull,Peter.Phillips@adatum.com,PeterJPhillips@jourrapide.com,1 Georgian Way,Barrie,L4M3X9,ON,Ca,Managers,rooghi8Ogee,604-646-8614,Adatum,"OU=Managers,DC=adatum,DC=com",COMP2138-W2024
James,Latham,Hathow,James.Latham@adatum.com,JamesTLatham@fleckens.hu,1 Georgian Way,Barrie,L4M3X9,ON,Ca,Managers,ooN2geijig,403-322-0129,Adatum,"OU=Managers,DC=adatum,DC=com",COMP2138-W2024
Alyssa,Kohl,Alreme1949,Alyssa.Kohl@adatum.com,AlyssaCKohl@rhyta.com,1 Georgian Way,Barrie,L4M3X9,ON,Ca,Administrative,xiecaeSh2,905-625-1293,Adatum,"OU=Administrative,DC=adatum,DC=com",COMP2138-W2024
William,Moore,Campenish,William.Moore@adatum.com,WilliamSMoore@rhyta.com,1 Georgian Way,Barrie,L4M3X9,ON,Ca,Administrative,oov1Geithie,514-712-7453,Adatum,"OU=Administrative,DC=adatum,DC=com",COMP2138-W2024
Jose,Campos,Fallines,Jose.Campos@adatum.com,JoseKCampos@superrito.com,1 Georgian Way,Barrie,L4M3X9,ON,Ca,Research,Ahcheexu6r,416-480-8452,Adatum,"OU=Research,DC=adatum,DC=com",COMP2138-W2024
James,Park,Thenat,James.Park@adatum.com,JamesVPark@armyspy.com,1 Georgian Way,Barrie,L4M3X9,ON,Ca,Research,Re7ohpheedoo,604-787-1950,Adatum,"OU=Research,DC=adatum,DC=com",COMP2138-W2024
Dianne,Jones,Lacke2004,Dianne.Jones@adatum.com,DianneWJones@armyspy.com,1 Georgian Way,Barrie,L4M3X9,ON,Ca,Research,aebeiGah8oo,519-851-8609,Adatum,"OU=Research,DC=adatum,DC=com",COMP2138-W2024
Brenda,Bickel,Clumse,Brenda.Bickel@adatum.com,BrendaRBickel@armyspy.com,1 Georgian Way,Barrie,L4M3X9,ON,Ca,IT,ui4xohxaeSoh,416-361-9457,Adatum,"OU=IT,DC=adatum,DC=com",COMP2138-W2024
Scott,Belt,Occe1990,Scott.Belt@adatum.com,ScottCBelt@cuvox.de,1 Georgian Way,Barrie,L4M3X9,ON,Ca,IT,eiMa3masee,780-542-2257,Adatum,"OU=IT,DC=adatum,DC=com",COMP2138-W2024
Bethany,Salazar,Musupothers52,Bethany.Salazar@adatum.com,BethanyCSalazar@cuvox.de,1 Georgian Way,Barrie,L4M3X9,ON,Ca,IT,upahPu4wah,289-213-1107,Adatum,"OU=IT,DC=adatum,DC=com",COMP2138-W2024
Howard,Lord,Tentons,Howard.Lord@adatum.com,HowardCLord@rhyta.com,1 Georgian Way,Barrie,L4M3X9,ON,Ca,IT,eiTao9Thie,604-463-5455,Adatum,"OU=IT,DC=adatum,DC=com",COMP2138-W2024
Jarrod,Blohm,Whiparinkes,Jarrod.Blohm@adatum.com,JarrodNBlohm@gustr.com,1 Georgian Way,Barrie,L4M3X9,ON,Ca,Operations,Eelo9kuth,519-941-4742,Adatum,"OU=Operations,DC=adatum,DC=com",COMP2138-W2024
Donald,Gomez,Frophe,Donald.Gomez@adatum.com,DonaldHGomez@armyspy.com,1 Georgian Way,Barrie,L4M3X9,ON,Ca,Operations,ooGh1Xeip,819-782-7661,Adatum,"OU=Operations,DC=adatum,DC=com",COMP2138-W2024
Barbara,Matranga,Whowne,Barbara.Matranga@adatum.com,BarbaraRMatranga@rhyta.com,1 Georgian Way,Barrie,L4M3X9,ON,Ca,Operations,qua7Eethu,519-562-2209,Adatum,"OU=Operations,DC=adatum,DC=com",COMP2138-W2024
James,Wakefield,Aday1939,James.Wakefield@adatum.com,JamesRWakefield@cuvox.de,1 Georgian Way,Barrie,L4M3X9,ON,Ca,Operations,eeDoo2acumu,250-201-3300,Adatum,"OU=Operations,DC=adatum,DC=com",COMP2138-W2024
Shayne,Tuma,Casent38,Shayne.Tuma@adatum.com,ShayneJTuma@cuvox.de,1 Georgian Way,Barrie,L4M3X9,ON,Ca,Operations,sei0tahN8Hoh,250-354-9733,Adatum,"OU=Operations,DC=adatum,DC=com",COMP2138-W2024
Paul,Ford,Taide1953,Paul.Ford@adatum.com,PaulHFord@gustr.com,1 Georgian Way,Barrie,L4M3X9,ON,Ca,Operations,Ohsh0dei7ei,416-604-9677,Adatum,"OU=Operations,DC=adatum,DC=com",COMP2138-W2024
Christopher,Thompson,Hamed1948,Christopher.Thompson@adatum.com,ChristopherEThompson@teleworm.us,1 Georgian Way,Barrie,L4M3X9,ON,Ca,Operations,aPheewah8sah5Ah,416-861-7126,Adatum,"OU=Operations,DC=adatum,DC=com",COMP2138-W2024
Daniel,Graham,Honte1953,Daniel.Graham@adatum.com,DanielTGraham@superrito.com,1 Georgian Way,Barrie,L4M3X9,ON,Ca,Operations,zaXohDetaef3,807-625-0161,Adatum,"OU=Operations,DC=adatum,DC=com",COMP2138-W2024
Robert,Ellzey,Drem1974,Robert.Ellzey@adatum.com,RobertSEllzey@fleckens.hu,1 Georgian Way,Barrie,L4M3X9,ON,Ca,Operations,Ou0IepohB,418-518-6116,Adatum,"OU=Operations,DC=adatum,DC=com",COMP2138-W2024
Joanne,Studer,Omarm1944,Joanne.Studer@adatum.com,JoanneDStuder@armyspy.com,1 Georgian Way,Barrie,L4M3X9,ON,Ca,Operations,iem8eeK3,819-513-9847,Adatum,"OU=Operations,DC=adatum,DC=com",COMP2138-W2024
Janise,Scott,Aplues69,Janise.Scott@adatum.com,JaniseDScott@superrito.com,1 Georgian Way,Barrie,L4M3X9,ON,Ca,Operations,Ieng2ocow,604-941-6030,Adatum,"OU=Operations,DC=adatum,DC=com",COMP2138-W2024
Todd,Canada,Oncents,Todd.Canada@adatum.com,ToddMCanada@cuvox.de,1 Georgian Way,Barrie,L4M3X9,ON,Ca,Operations,heiH3rup6y,780-639-0965,Adatum,"OU=Operations,DC=adatum,DC=com",COMP2138-W2024
Tom,Brown,Wouringed2002,Tom.Brown@adatum.com,TomLBrown@jourrapide.com,1 Georgian Way,Barrie,L4M3X9,ON,Ca,Operations,Ooph8aerood,416-783-4933,Adatum,"OU=Operations,DC=adatum,DC=com",COMP2138-W2024
Minda,Wilhelm,Divenountly,Minda.Wilhelm@adatum.com,MindaDWilhelm@armyspy.com,1 Georgian Way,Barrie,L4M3X9,ON,Ca,Operations,vai1Iay6,705-476-4641,Adatum,"OU=Operations,DC=adatum,DC=com",COMP2138-W2024
Josie,Davis,Motheareeme40,Josie.Davis@adatum.com,JosieNDavis@armyspy.com,1 Georgian Way,Barrie,L4M3X9,ON,Ca,Operations,co5roGhie,519-985-3218,Adatum,"OU=Operations,DC=adatum,DC=com",COMP2138-W2024
Jillian,Fong,Hustong,Jillian.Fong@adatum.com,JillianLFong@gustr.com,1 Georgian Way,Barrie,L4M3X9,ON,Ca,Operations,AThiv2eicha,416-398-5021,Adatum,"OU=Operations,DC=adatum,DC=com",COMP2138-W2024
Ronnie,Rodriguez,Shmentwo51,Ronnie.Rodriguez@adatum.com,RonnieTRodriguez@armyspy.com,1 Georgian Way,Barrie,L4M3X9,ON,Ca,Operations,iYai7quaeghi,403-335-1526,Adatum,"OU=Operations,DC=adatum,DC=com",COMP2138-W2024
Florence,Gregg,Fronness,Florence.Gregg@adatum.com,FlorenceBGregg@teleworm.us,1 Georgian Way,Barrie,L4M3X9,ON,Ca,Operations,Ipei7Eisie,418-518-7026,Adatum,"OU=Operations,DC=adatum,DC=com",COMP2138-W2024
Nathan,Meza,Upose1960,Nathan.Meza@adatum.com,NathanDMeza@fleckens.hu,1 Georgian Way,Barrie,L4M3X9,ON,Ca,Operations,FohT1wequ0,905-894-6919,Adatum,"OU=Operations,DC=adatum,DC=com",COMP2138-W2024
Michelle,McSwain,Theke1992,Michelle.McSwain@adatum.com,MichelleJMcSwain@teleworm.us,1 Georgian Way,Barrie,L4M3X9,ON,Ca,Operations,uhahj5Isae,519-241-7905,Adatum,"OU=Operations,DC=adatum,DC=com",COMP2138-W2024
Johnny,Fletcher,Possent,Johnny.Fletcher@adatum.com,JohnnySFletcher@fleckens.hu,1 Georgian Way,Barrie,L4M3X9,ON,Ca,Operations,Boo3iwu6yai,780-925-3283,Adatum,"OU=Operations,DC=adatum,DC=com",COMP2138-W2024
Garrett,Pike,Whimall,Garrett.Pike@adatum.com,GarrettEPike@rhyta.com,1 Georgian Way,Barrie,L4M3X9,ON,Ca,Operations,ooN3eigeiph,306-775-8216,Adatum,"OU=Operations,DC=adatum,DC=com",COMP2138-W2024
Patricia,Hudgins,Nottles1962,Patricia.Hudgins@adatum.com,PatriciaHHudgins@rhyta.com,1 Georgian Way,Barrie,L4M3X9,ON,Ca,Operations,OoduF7ti6,519-521-6230,Adatum,"OU=Operations,DC=adatum,DC=com",COMP2138-W2024
Marianne,Campbell,Suarrover83,Marianne.Campbell@adatum.com,MarianneMCampbell@teleworm.us,1 Georgian Way,Barrie,L4M3X9,ON,Ca,Operations,vae8CaeY,902-436-8140,Adatum,"OU=Operations,DC=adatum,DC=com",COMP2138-W2024
Annie,Bachman,Wremn1999,Annie.Bachman@adatum.com,AnnieHBachman@gustr.com,1 Georgian Way,Barrie,L4M3X9,ON,Ca,Operations,Ahquai6ah,519-719-6864,Adatum,"OU=Operations,DC=adatum,DC=com",COMP2138-W2024
Mercy,Tinsley,Litine,Mercy.Tinsley@adatum.com,MercyETinsley@superrito.com,1 Georgian Way,Barrie,L4M3X9,ON,Ca,Operations,Sahv2Uvavu2,403-379-1933,Adatum,"OU=Operations,DC=adatum,DC=com",COMP2138-W2024
Eric,Harrison,Beary1943,Eric.Harrison@adatum.com,EricNHarrison@cuvox.de,1 Georgian Way,Barrie,L4M3X9,ON,Ca,Operations,iu4phaib8V,519-922-8592,Adatum,"OU=Operations,DC=adatum,DC=com",COMP2138-W2024
Freddy,Toner,Doemse,Freddy.Toner@adatum.com,FreddyFToner@einrot.com,1 Georgian Way,Barrie,L4M3X9,ON,Ca,Operations,ooXohv5oh,514-998-9452,Adatum,"OU=Operations,DC=adatum,DC=com",COMP2138-W2024
Lucy,Knight,Whel1971,Lucy.Knight@adatum.com,LucyJKnight@fleckens.hu,1 Georgian Way,Barrie,L4M3X9,ON,Ca,Operations,Eizour6pho,780-480-0525,Adatum,"OU=Operations,DC=adatum,DC=com",COMP2138-W2024
Paul,Harvey,Areeight1979,Paul.Harvey@adatum.com,PaulEHarvey@teleworm.us,1 Georgian Way,Barrie,L4M3X9,ON,Ca,Operations,eepai8oC,306-598-3864,Adatum,"OU=Operations,DC=adatum,DC=com",COMP2138-W2024
Mark,Rodriguez,Therinceple,Mark.Rodriguez@adatum.com,MarkMRodriguez@gustr.com,1 Georgian Way,Barrie,L4M3X9,ON,Ca,Operations,Phu0raethai,604-516-6585,Adatum,"OU=Operations,DC=adatum,DC=com",COMP2138-W2024
Melissa,Dominguez,Sawles,Melissa.Dominguez@adatum.com,MelissaVDominguez@dayrep.com,1 Georgian Way,Barrie,L4M3X9,ON,Ca,Operations,Aih0aik6ie,250-381-5345,Adatum,"OU=Operations,DC=adatum,DC=com",COMP2138-W2024
Alta,McClure,Arould,Alta.McClure@adatum.com,AltaJMcClure@einrot.com,1 Georgian Way,Barrie,L4M3X9,ON,Ca,Managers,AShef8ooBo,403-443-8797,Adatum,"OU=Managers,DC=adatum,DC=com",COMP2138-W2024
Geneva,Glass,Driale,Geneva.Glass@adatum.com,GenevaCGlass@dayrep.com,1 Georgian Way,Barrie,L4M3X9,ON,Ca,Managers,Quee9udah5F,403-575-0905,Adatum,"OU=Managers,DC=adatum,DC=com",COMP2138-W2024
Stan,Newberry,Coleaked,Stan.Newberry@adatum.com,StanSNewberry@armyspy.com,1 Georgian Way,Barrie,L4M3X9,ON,Ca,Administrative,zie3Fi2sh,519-384-2438,Adatum,"OU=Administrative,DC=adatum,DC=com",COMP2138-W2024
Maximo,Borgen,Exam1964,Maximo.Borgen@adatum.com,MaximoMBorgen@jourrapide.com,1 Georgian Way,Barrie,L4M3X9,ON,Ca,Administrative,It6Di3Poun,250-472-8508,Adatum,"OU=Administrative,DC=adatum,DC=com",COMP2138-W2024
Juana,Welch,Brud1947,Juana.Welch@adatum.com,JuanaSWelch@cuvox.de,1 Georgian Way,Barrie,L4M3X9,ON,Ca,Research,sooGhoo3,519-677-4076,Adatum,"OU=Research,DC=adatum,DC=com",COMP2138-W2024
Spencer,Dixon,Upcout,Spencer.Dixon@adatum.com,SpencerKDixon@jourrapide.com,1 Georgian Way,Barrie,L4M3X9,ON,Ca,Research,pae9Ziedi,705-747-9539,Adatum,"OU=Research,DC=adatum,DC=com",COMP2138-W2024
Jonathan,Simms,Roseen,Jonathan.Simms@adatum.com,JonathanMSimms@fleckens.hu,1 Georgian Way,Barrie,L4M3X9,ON,Ca,Research,um5odot6Ab,705-899-6119,Adatum,"OU=Research,DC=adatum,DC=com",COMP2138-W2024
Shelia,Cooper,Cring2003,Shelia.Cooper@adatum.com,SheliaJCooper@fleckens.hu,1 Georgian Way,Barrie,L4M3X9,ON,Ca,IT,iegheeX2th,905-299-6215,Adatum,"OU=IT,DC=adatum,DC=com",COMP2138-W2024
Walter,Carter,Eself1966,Walter.Carter@adatum.com,WalterBCarter@fleckens.hu,1 Georgian Way,Barrie,L4M3X9,ON,Ca,IT,ce0ief4eeM,905-513-7339,Adatum,"OU=IT,DC=adatum,DC=com",COMP2138-W2024
David,Marks,Oblee1940,David.Marks@adatum.com,DavidLMarks@superrito.com,1 Georgian Way,Barrie,L4M3X9,ON,Ca,IT,Chae8uadei,450-392-7246,Adatum,"OU=IT,DC=adatum,DC=com",COMP2138-W2024
Lucy,Robison,Punfied,Lucy.Robison@adatum.com,LucyRRobison@rhyta.com,1 Georgian Way,Barrie,L4M3X9,ON,Ca,IT,phai9ieB,519-876-4113,Adatum,"OU=IT,DC=adatum,DC=com",COMP2138-W2024
Daniel,Hall,Imest1955,Daniel.Hall@adatum.com,DanielIHall@gustr.com,1 Georgian Way,Barrie,L4M3X9,ON,Ca,Operations,eepiuya3Quai,403-708-2572,Adatum,"OU=Operations,DC=adatum,DC=com",COMP2138-W2024
Leatrice,Schoonover,Sorn1957,Leatrice.Schoonover@adatum.com,LeatriceCSchoonover@teleworm.us,1 Georgian Way,Barrie,L4M3X9,ON,Ca,Operations,eePe6xahco6,613-652-1988,Adatum,"OU=Operations,DC=adatum,DC=com",COMP2138-W2024
John,Hart,Whishour,John.Hart@adatum.com,JohnMHart@cuvox.de,1 Georgian Way,Barrie,L4M3X9,ON,Ca,Operations,queem4Tuesei,306-737-6576,Adatum,"OU=Operations,DC=adatum,DC=com",COMP2138-W2024
Kenneth,Heinemann,Prietry,Kenneth.Heinemann@adatum.com,KennethLHeinemann@armyspy.com,1 Georgian Way,Barrie,L4M3X9,ON,Ca,Operations,woong3pooWee,905-857-1200,Adatum,"OU=Operations,DC=adatum,DC=com",COMP2138-W2024
Gale,Chase,Ingralto,Gale.Chase@adatum.com,GaleMChase@gustr.com,1 Georgian Way,Barrie,L4M3X9,ON,Ca,Operations,Tepahng7,514-250-6560,Adatum,"OU=Operations,DC=adatum,DC=com",COMP2138-W2024
Ruth,Minks,Theres,Ruth.Minks@adatum.com,RuthJMinks@dayrep.com,1 Georgian Way,Barrie,L4M3X9,ON,Ca,Operations,nahl6ieJ8th,250-992-6916,Adatum,"OU=Operations,DC=adatum,DC=com",COMP2138-W2024
Jeremy,Gilbert,Paider,Jeremy.Gilbert@adatum.com,JeremyTGilbert@dayrep.com,1 Georgian Way,Barrie,L4M3X9,ON,Ca,Operations,eex9AiziPh,647-286-1572,Adatum,"OU=Operations,DC=adatum,DC=com",COMP2138-W2024
Ashley,Rodriguez,Rebeir1996,Ashley.Rodriguez@adatum.com,AshleyWRodriguez@jourrapide.com,1 Georgian Way,Barrie,L4M3X9,ON,Ca,Operations,zuoKah0ee,604-840-9481,Adatum,"OU=Operations,DC=adatum,DC=com",COMP2138-W2024
Samuel,Singleton,Arro1943,Samuel.Singleton@adatum.com,SamuelSSingleton@jourrapide.com,1 Georgian Way,Barrie,L4M3X9,ON,Ca,Operations,ahX7chau8oo,250-383-5738,Adatum,"OU=Operations,DC=adatum,DC=com",COMP2138-W2024
Timothy,Schafer,Anguesse,Timothy.Schafer@adatum.com,TimothyJSchafer@teleworm.us,1 Georgian Way,Barrie,L4M3X9,ON,Ca,Operations,Roqu9Eecuip,250-960-2021,Adatum,"OU=Operations,DC=adatum,DC=com",COMP2138-W2024
Jimmy,Davis,Agine1963,Jimmy.Davis@adatum.com,JimmyMDavis@rhyta.com,1 Georgian Way,Barrie,L4M3X9,ON,Ca,Operations,ENgohph6,204-229-5608,Adatum,"OU=Operations,DC=adatum,DC=com",COMP2138-W2024
Derek,Cullen,Coubled,Derek.Cullen@adatum.com,DerekDCullen@armyspy.com,1 Georgian Way,Barrie,L4M3X9,ON,Ca,Operations,que3Theu,204-822-6778,Adatum,"OU=Operations,DC=adatum,DC=com",COMP2138-W2024
Miguel,Zamora,Harbiang,Miguel.Zamora@adatum.com,MiguelAZamora@gustr.com,1 Georgian Way,Barrie,L4M3X9,ON,Ca,Operations,Uobonu3ch,780-407-4732,Adatum,"OU=Operations,DC=adatum,DC=com",COMP2138-W2024
James,Smith,Sexagnat,James.Smith@adatum.com,JamesLSmith@armyspy.com,1 Georgian Way,Barrie,L4M3X9,ON,Ca,Operations,ro6Aebaethe,705-444-5984,Adatum,"OU=Operations,DC=adatum,DC=com",COMP2138-W2024
Edmund,Edwards,Arrierld,Edmund.Edwards@adatum.com,EdmundAEdwards@superrito.com,1 Georgian Way,Barrie,L4M3X9,ON,Ca,Operations,hoh5ieGieyiF,416-999-2587,Adatum,"OU=Operations,DC=adatum,DC=com",COMP2138-W2024
Eva,Fowler,Sugg1967,Eva.Fowler@adatum.com,EvaKFowler@jourrapide.com,1 Georgian Way,Barrie,L4M3X9,ON,Ca,Operations,KoPee3yai,819-222-8536,Adatum,"OU=Operations,DC=adatum,DC=com",COMP2138-W2024
Ron,Pena,Knothad,Ron.Pena@adatum.com,RonJPena@teleworm.us,1 Georgian Way,Barrie,L4M3X9,ON,Ca,Operations,Oa8iSheiph,819-435-4084,Adatum,"OU=Operations,DC=adatum,DC=com",COMP2138-W2024
David,Matlock,Hembeed88,David.Matlock@adatum.com,DavidAMatlock@jourrapide.com,1 Georgian Way,Barrie,L4M3X9,ON,Ca,Operations,ohGhoor9ueb,604-715-4672,Adatum,"OU=Operations,DC=adatum,DC=com",COMP2138-W2024
Robert,Lane,Collow,Robert.Lane@adatum.com,RobertSLane@einrot.com,1 Georgian Way,Barrie,L4M3X9,ON,Ca,Operations,Iog0amumo,819-439-4575,Adatum,"OU=Operations,DC=adatum,DC=com",COMP2138-W2024
Shanice,Reynolds,Abnalsid,Shanice.Reynolds@adatum.com,ShaniceKReynolds@teleworm.us,1 Georgian Way,Barrie,L4M3X9,ON,Ca,Operations,uBeiN7Ai8,519-573-0399,Adatum,"OU=Operations,DC=adatum,DC=com",COMP2138-W2024
Mark,McNair,Irthe1948,Mark.McNair@adatum.com,MarkLMcNair@cuvox.de,1 Georgian Way,Barrie,L4M3X9,ON,Ca,Operations,Ieph3usujee,819-373-2652,Adatum,"OU=Operations,DC=adatum,DC=com",COMP2138-W2024
Rosa,Weaver,Preal2003,Rosa.Weaver@adatum.com,RosaMWeaver@cuvox.de,1 Georgian Way,Barrie,L4M3X9,ON,Ca,Operations,eeg2Iez1oh,705-987-4199,Adatum,"OU=Operations,DC=adatum,DC=com",COMP2138-W2024
Edward,Haislip,Liatilanto,Edward.Haislip@adatum.com,EdwardAHaislip@fleckens.hu,1 Georgian Way,Barrie,L4M3X9,ON,Ca,Operations,aeDahPh7ahko,250-374-5634,Adatum,"OU=Operations,DC=adatum,DC=com",COMP2138-W2024
Ashley,Johnson,Youllithould46,Ashley.Johnson@adatum.com,AshleyLJohnson@gustr.com,1 Georgian Way,Barrie,L4M3X9,ON,Ca,Operations,Eed5Iu1cai,613-352-1858,Adatum,"OU=Operations,DC=adatum,DC=com",COMP2138-W2024
Wayne,Weisner,Frich2000,Wayne.Weisner@adatum.com,WayneEWeisner@dayrep.com,1 Georgian Way,Barrie,L4M3X9,ON,Ca,Operations,Ale5Iexaeb,514-576-7691,Adatum,"OU=Operations,DC=adatum,DC=com",COMP2138-W2024
Bertha,Neill,Pide1977,Bertha.Neill@adatum.com,BerthaDNeill@fleckens.hu,1 Georgian Way,Barrie,L4M3X9,ON,Ca,Operations,aeGhoovie8,306-955-0125,Adatum,"OU=Operations,DC=adatum,DC=com",COMP2138-W2024
Tanisha,Kroll,Quakfank,Tanisha.Kroll@adatum.com,TanishaZKroll@cuvox.de,1 Georgian Way,Barrie,L4M3X9,ON,Ca,Operations,ahshid0T,514-295-4585,Adatum,"OU=Operations,DC=adatum,DC=com",COMP2138-W2024
Joseph,Harwood,Whingent,Joseph.Harwood@adatum.com,JosephFHarwood@jourrapide.com,1 Georgian Way,Barrie,L4M3X9,ON,Ca,Operations,Yaqueiv2,450-675-6857,Adatum,"OU=Operations,DC=adatum,DC=com",COMP2138-W2024
Bradley,Cook,Whamess,Bradley.Cook@adatum.com,BradleyKCook@cuvox.de,1 Georgian Way,Barrie,L4M3X9,ON,Ca,Operations,iS6ubohgea6,514-716-2713,Adatum,"OU=Operations,DC=adatum,DC=com",COMP2138-W2024
Dallas,Bates,Thent1963,Dallas.Bates@adatum.com,DallasDBates@jourrapide.com,1 Georgian Way,Barrie,L4M3X9,ON,Ca,Operations,tiy7OGh1,250-629-8179,Adatum,"OU=Operations,DC=adatum,DC=com",COMP2138-W2024
Francisco,Clay,Onswat,Francisco.Clay@adatum.com,FranciscoGClay@jourrapide.com,1 Georgian Way,Barrie,L4M3X9,ON,Ca,Operations,Cheizoh8Uu,403-608-1249,Adatum,"OU=Operations,DC=adatum,DC=com",COMP2138-W2024
Signe,Leith,Sired1988,Signe.Leith@adatum.com,SigneKLeith@armyspy.com,1 Georgian Way,Barrie,L4M3X9,ON,Ca,Operations,Ieng8Kee2,514-889-2051,Adatum,"OU=Operations,DC=adatum,DC=com",COMP2138-W2024
Margaret,Miele,Morlithe,Margaret.Miele@adatum.com,MargaretBMiele@armyspy.com,1 Georgian Way,Barrie,L4M3X9,ON,Ca,Managers,theilahno4Fi,519-996-0983,Adatum,"OU=Managers,DC=adatum,DC=com",COMP2138-W2024
Mary,Collinsworth,Tharres,Mary.Collinsworth@adatum.com,MarySCollinsworth@superrito.com,1 Georgian Way,Barrie,L4M3X9,ON,Ca,Managers,Joo2chief,705-693-3243,Adatum,"OU=Managers,DC=adatum,DC=com",COMP2138-W2024
Joy,Bryan,Sishe1959,Joy.Bryan@adatum.com,JoyKBryan@rhyta.com,1 Georgian Way,Barrie,L4M3X9,ON,Ca,Administrative,Lietoh0vohj,418-252-6782,Adatum,"OU=Administrative,DC=adatum,DC=com",COMP2138-W2024
Dorothy,Sowell,Extriveromen,Dorothy.Sowell@adatum.com,DorothyKSowell@einrot.com,1 Georgian Way,Barrie,L4M3X9,ON,Ca,Administrative,doo8chohC,250-753-2359,Adatum,"OU=Administrative,DC=adatum,DC=com",COMP2138-W2024
Maria,Liedtke,Atill1950,Maria.Liedtke@adatum.com,MariaFLiedtke@rhyta.com,1 Georgian Way,Barrie,L4M3X9,ON,Ca,Research,ukaW7iedee,604-250-2912,Adatum,"OU=Research,DC=adatum,DC=com",COMP2138-W2024
Cleo,Holland,Histar,Cleo.Holland@adatum.com,CleoWHolland@teleworm.us,1 Georgian Way,Barrie,L4M3X9,ON,Ca,Research,ien0Uurei,250-434-9322,Adatum,"OU=Research,DC=adatum,DC=com",COMP2138-W2024
Stella,Luse,Gired1987,Stella.Luse@adatum.com,StellaRLuse@rhyta.com,1 Georgian Way,Barrie,L4M3X9,ON,Ca,Research,Ce9EoH3i,519-987-2031,Adatum,"OU=Research,DC=adatum,DC=com",COMP2138-W2024
Charles,Martinez,Hecting,Charles.Martinez@adatum.com,CharlesTMartinez@rhyta.com,1 Georgian Way,Barrie,L4M3X9,ON,Ca,IT,wahXei8u,604-981-3980,Adatum,"OU=IT,DC=adatum,DC=com",COMP2138-W2024
Peter,Vogt,Eatilten,Peter.Vogt@adatum.com,PeterLVogt@jourrapide.com,1 Georgian Way,Barrie,L4M3X9,ON,Ca,IT,AiFia5oShae,519-887-6004,Adatum,"OU=IT,DC=adatum,DC=com",COMP2138-W2024
Damon,Ortiz,Foreas,Damon.Ortiz@adatum.com,DamonJOrtiz@armyspy.com,1 Georgian Way,Barrie,L4M3X9,ON,Ca,IT,eGh5yohpai,604-716-0679,Adatum,"OU=IT,DC=adatum,DC=com",COMP2138-W2024
Javier,Butler,Morer1969,Javier.Butler@adatum.com,JavierDButler@gustr.com,1 Georgian Way,Barrie,L4M3X9,ON,Ca,IT,ooy6baePhoh,519-236-7554,Adatum,"OU=IT,DC=adatum,DC=com",COMP2138-W2024
Lena,Harp,Boyss1944,Lena.Harp@adatum.com,LenaBHarp@armyspy.com,1 Georgian Way,Barrie,L4M3X9,ON,Ca,Operations,eeReephae4,416-329-0833,Adatum,"OU=Operations,DC=adatum,DC=com",COMP2138-W2024
William,Zuniga,Washeigandis,William.Zuniga@adatum.com,WilliamCZuniga@jourrapide.com,1 Georgian Way,Barrie,L4M3X9,ON,Ca,Operations,Thu6neef,514-348-7097,Adatum,"OU=Operations,DC=adatum,DC=com",COMP2138-W2024
Patricia,Newbury,Lathand,Patricia.Newbury@adatum.com,PatriciaBNewbury@superrito.com,1 Georgian Way,Barrie,L4M3X9,ON,Ca,Operations,Eihi7ohZah,416-204-4599,Adatum,"OU=Operations,DC=adatum,DC=com",COMP2138-W2024
Maria,Wilkinson,Amirs1947,Maria.Wilkinson@adatum.com,MariaTWilkinson@fleckens.hu,1 Georgian Way,Barrie,L4M3X9,ON,Ca,Operations,faiphaig4uZ,403-850-1424,Adatum,"OU=Operations,DC=adatum,DC=com",COMP2138-W2024
Luther,Guajardo,Yeasught,Luther.Guajardo@adatum.com,LutherJGuajardo@jourrapide.com,1 Georgian Way,Barrie,L4M3X9,ON,Ca,Operations,ahyu5ipein8Ah,780-894-8346,Adatum,"OU=Operations,DC=adatum,DC=com",COMP2138-W2024
William,Dodson,Ocentelfut,William.Dodson@adatum.com,WilliamJDodson@rhyta.com,1 Georgian Way,Barrie,L4M3X9,ON,Ca,Operations,oomahWu2ieph,905-945-1884,Adatum,"OU=Operations,DC=adatum,DC=com",COMP2138-W2024
Derrick,Matney,Exturandren,Derrick.Matney@adatum.com,DerrickMMatney@armyspy.com,1 Georgian Way,Barrie,L4M3X9,ON,Ca,Operations,fie7RoTh,613-729-5269,Adatum,"OU=Operations,DC=adatum,DC=com",COMP2138-W2024
Dolores,Winkler,Extooke,Dolores.Winkler@adatum.com,DoloresCWinkler@superrito.com,1 Georgian Way,Barrie,L4M3X9,ON,Ca,Operations,Ve0oesh8fa,705-339-0225,Adatum,"OU=Operations,DC=adatum,DC=com",COMP2138-W2024
Maria,Albert,Havernamed91,Maria.Albert@adatum.com,MariaBAlbert@superrito.com,1 Georgian Way,Barrie,L4M3X9,ON,Ca,Operations,eeRo5PohKi3U,418-454-8132,Adatum,"OU=Operations,DC=adatum,DC=com",COMP2138-W2024
Diana,Drake,Knotargeed,Diana.Drake@adatum.com,DianaRDrake@teleworm.us,1 Georgian Way,Barrie,L4M3X9,ON,Ca,Operations,Aec7mup3,416-678-6609,Adatum,"OU=Operations,DC=adatum,DC=com",COMP2138-W2024
Edward,Smith,Sampriscrom1978,Edward.Smith@adatum.com,EdwardDSmith@rhyta.com,1 Georgian Way,Barrie,L4M3X9,ON,Ca,Operations,oon6Ahyai,450-540-8115,Adatum,"OU=Operations,DC=adatum,DC=com",COMP2138-W2024
Patricia,Poplin,Wasoness,Patricia.Poplin@adatum.com,PatriciaBPoplin@rhyta.com,1 Georgian Way,Barrie,L4M3X9,ON,Ca,Operations,xau9Poo9,613-377-4221,Adatum,"OU=Operations,DC=adatum,DC=com",COMP2138-W2024
Dawn,Contreras,Gabound,Dawn.Contreras@adatum.com,DawnDContreras@teleworm.us,1 Georgian Way,Barrie,L4M3X9,ON,Ca,Operations,OhnguK2itup,403-303-1084,Adatum,"OU=Operations,DC=adatum,DC=com",COMP2138-W2024
Jennifer,Fernandes,Ourre1979,Jennifer.Fernandes@adatum.com,JenniferPFernandes@fleckens.hu,1 Georgian Way,Barrie,L4M3X9,ON,Ca,Operations,juPhang0u,519-615-5239,Adatum,"OU=Operations,DC=adatum,DC=com",COMP2138-W2024
Robert,Singleton,Thimpare81,Robert.Singleton@adatum.com,RobertFSingleton@superrito.com,1 Georgian Way,Barrie,L4M3X9,ON,Ca,Operations,shohthai1S,416-917-5494,Adatum,"OU=Operations,DC=adatum,DC=com",COMP2138-W2024
Brian,Carrier,Couldayse,Brian.Carrier@adatum.com,BrianVCarrier@superrito.com,1 Georgian Way,Barrie,L4M3X9,ON,Ca,Operations,igh1Aig0,403-835-3147,Adatum,"OU=Operations,DC=adatum,DC=com",COMP2138-W2024
Julie,Zimmerman,Tonglemus1939,Julie.Zimmerman@adatum.com,JulieSZimmerman@cuvox.de,1 Georgian Way,Barrie,L4M3X9,ON,Ca,Operations,ceWef9seix3,604-945-1755,Adatum,"OU=Operations,DC=adatum,DC=com",COMP2138-W2024
Matthew,Cordero,Bourfere,Matthew.Cordero@adatum.com,MatthewMCordero@superrito.com,1 Georgian Way,Barrie,L4M3X9,ON,Ca,Operations,eaN7aih0,450-988-3304,Adatum,"OU=Operations,DC=adatum,DC=com",COMP2138-W2024
Sean,Doyon,Incers,Sean.Doyon@adatum.com,SeanTDoyon@cuvox.de,1 Georgian Way,Barrie,L4M3X9,ON,Ca,Operations,aoj5Hae8Ai,418-745-0053,Adatum,"OU=Operations,DC=adatum,DC=com",COMP2138-W2024
Bonnie,Perez,Ourhy1980,Bonnie.Perez@adatum.com,BonnieEPerez@gustr.com,1 Georgian Way,Barrie,L4M3X9,ON,Ca,Operations,GeekiCed1,403-398-9430,Adatum,"OU=Operations,DC=adatum,DC=com",COMP2138-W2024
Pedro,Greene,Stalich,Pedro.Greene@adatum.com,PedroCGreene@armyspy.com,1 Georgian Way,Barrie,L4M3X9,ON,Ca,Operations,fah2Ool1,306-678-2869,Adatum,"OU=Operations,DC=adatum,DC=com",COMP2138-W2024
Marcos,Valerio,Leopoingdood,Marcos.Valerio@adatum.com,MarcosMValerio@dayrep.com,1 Georgian Way,Barrie,L4M3X9,ON,Ca,Operations,va0UXoosh,807-488-8285,Adatum,"OU=Operations,DC=adatum,DC=com",COMP2138-W2024
Adam,Caldwell,Spappons,Adam.Caldwell@adatum.com,AdamMCaldwell@cuvox.de,1 Georgian Way,Barrie,L4M3X9,ON,Ca,Operations,Eivae2aep3cie,403-286-3622,Adatum,"OU=Operations,DC=adatum,DC=com",COMP2138-W2024
Brooke,Pyle,Hanceek1988,Brooke.Pyle@adatum.com,BrookeCPyle@rhyta.com,1 Georgian Way,Barrie,L4M3X9,ON,Ca,Operations,wuoboh4Eeth,778-833-0367,Adatum,"OU=Operations,DC=adatum,DC=com",COMP2138-W2024
Laura,Gonzales,Thics1958,Laura.Gonzales@adatum.com,LauraBGonzales@gustr.com,1 Georgian Way,Barrie,L4M3X9,ON,Ca,Operations,ohqu8ooMie,807-478-5151,Adatum,"OU=Operations,DC=adatum,DC=com",COMP2138-W2024
Leslie,Albers,Sommom1973,Leslie.Albers@adatum.com,LeslieWAlbers@dayrep.com,1 Georgian Way,Barrie,L4M3X9,ON,Ca,Operations,Eighoo8xie,705-693-0426,Adatum,"OU=Operations,DC=adatum,DC=com",COMP2138-W2024
Amy,Maxwell,Agen1957,Amy.Maxwell@adatum.com,AmyEMaxwell@superrito.com,1 Georgian Way,Barrie,L4M3X9,ON,Ca,Operations,ahy5Kat9th,780-453-5573,Adatum,"OU=Operations,DC=adatum,DC=com",COMP2138-W2024
Jean,Brown,Womess,Jean.Brown@adatum.com,JeanGBrown@einrot.com,1 Georgian Way,Barrie,L4M3X9,ON,Ca,Operations,ieQuo4iem,403-934-6476,Adatum,"OU=Operations,DC=adatum,DC=com",COMP2138-W2024
Antoinette,Simmons,Mility,Antoinette.Simmons@adatum.com,AntoinetteKSimmons@cuvox.de,1 Georgian Way,Barrie,L4M3X9,ON,Ca,Operations,Eiwo3sahch,416-415-0865,Adatum,"OU=Operations,DC=adatum,DC=com",COMP2138-W2024
David,Copeland,Geould,David.Copeland@adatum.com,DavidJCopeland@rhyta.com,1 Georgian Way,Barrie,L4M3X9,ON,Ca,Operations,OGea5ohw9ah,705-785-1976,Adatum,"OU=Operations,DC=adatum,DC=com",COMP2138-W2024
Robert,Brothers,Abodencire,Robert.Brothers@adatum.com,RobertJBrothers@superrito.com,1 Georgian Way,Barrie,L4M3X9,ON,Ca,Operations,aesah5jaiDoh,905-580-5325,Adatum,"OU=Operations,DC=adatum,DC=com",COMP2138-W2024
Karl,Martinez,Youttle,Karl.Martinez@adatum.com,KarlRMartinez@cuvox.de,1 Georgian Way,Barrie,L4M3X9,ON,Ca,Operations,ahNaes1zuyah,403-625-3881,Adatum,"OU=Operations,DC=adatum,DC=com",COMP2138-W2024
Bryan,Jaeger,Hisre1998,Bryan.Jaeger@adatum.com,BryanJJaeger@rhyta.com,1 Georgian Way,Barrie,L4M3X9,ON,Ca,Managers,TieBohTh7,519-981-8773,Adatum,"OU=Managers,DC=adatum,DC=com",COMP2138-W2024
Kelly,Lally,Warand,Kelly.Lally@adatum.com,KellyRLally@fleckens.hu,1 Georgian Way,Barrie,L4M3X9,ON,Ca,Managers,Aiboh5Zie,416-462-4562,Adatum,"OU=Managers,DC=adatum,DC=com",COMP2138-W2024
Jesica,Arredondo,Paction,Jesica.Arredondo@adatum.com,JesicaCArredondo@armyspy.com,1 Georgian Way,Barrie,L4M3X9,ON,Ca,Administrative,Ietah2yash,604-294-1778,Adatum,"OU=Administrative,DC=adatum,DC=com",COMP2138-W2024
Michael,Sabella,Scon1946,Michael.Sabella@adatum.com,MichaelDSabella@cuvox.de,1 Georgian Way,Barrie,L4M3X9,ON,Ca,Administrative,ief5APeiXoh,418-528-0040,Adatum,"OU=Administrative,DC=adatum,DC=com",COMP2138-W2024
Rita,Williams,Wrock1967,Rita.Williams@adatum.com,RitaNWilliams@jourrapide.com,1 Georgian Way,Barrie,L4M3X9,ON,Ca,Research,aiPheeDai2ew,403-679-9896,Adatum,"OU=Research,DC=adatum,DC=com",COMP2138-W2024
Ricky,Webb,Willet,Ricky.Webb@adatum.com,RickyFWebb@cuvox.de,1 Georgian Way,Barrie,L4M3X9,ON,Ca,Research,ohwei0ahT,519-617-3085,Adatum,"OU=Research,DC=adatum,DC=com",COMP2138-W2024
Andrew,Mangus,Fachad,Andrew.Mangus@adatum.com,AndrewIMangus@fleckens.hu,1 Georgian Way,Barrie,L4M3X9,ON,Ca,Research,ieSang7bu2,780-817-8586,Adatum,"OU=Research,DC=adatum,DC=com",COMP2138-W2024
Charles,Brescia,Teries,Charles.Brescia@adatum.com,CharlesVBrescia@dayrep.com,1 Georgian Way,Barrie,L4M3X9,ON,Ca,IT,aina0Aix2n,418-650-1440,Adatum,"OU=IT,DC=adatum,DC=com",COMP2138-W2024
Kerry,Llamas,Andutimmose76,Kerry.Llamas@adatum.com,KerryRLlamas@einrot.com,1 Georgian Way,Barrie,L4M3X9,ON,Ca,IT,Eef1aeKooph,514-776-1823,Adatum,"OU=IT,DC=adatum,DC=com",COMP2138-W2024
Billy,Ruggles,Themannind1984,Billy.Ruggles@adatum.com,BillySRuggles@einrot.com,1 Georgian Way,Barrie,L4M3X9,ON,Ca,IT,ieziesahP9,450-374-9590,Adatum,"OU=IT,DC=adatum,DC=com",COMP2138-W2024
Kelly,Basso,Notilen,Kelly.Basso@adatum.com,KellyTBasso@armyspy.com,1 Georgian Way,Barrie,L4M3X9,ON,Ca,IT,aR1an4rei,403-261-2792,Adatum,"OU=IT,DC=adatum,DC=com",COMP2138-W2024
Barbara,Williams,Thasuppeas,Barbara.Williams@adatum.com,BarbaraJWilliams@superrito.com,1 Georgian Way,Barrie,L4M3X9,ON,Ca,Operations,ielei7ooJ,647-430-5406,Adatum,"OU=Operations,DC=adatum,DC=com",COMP2138-W2024
Phyllis,Post,Salight,Phyllis.Post@adatum.com,PhyllisKPost@cuvox.de,1 Georgian Way,Barrie,L4M3X9,ON,Ca,Operations,ooF8goo1,250-760-7646,Adatum,"OU=Operations,DC=adatum,DC=com",COMP2138-W2024
Alma,Stone,Rour1992,Alma.Stone@adatum.com,AlmaJStone@fleckens.hu,1 Georgian Way,Barrie,L4M3X9,ON,Ca,Operations,Hiapig9u,819-756-9147,Adatum,"OU=Operations,DC=adatum,DC=com",COMP2138-W2024
Diane,Arrington,Folisn1946,Diane.Arrington@adatum.com,DianeJArrington@fleckens.hu,1 Georgian Way,Barrie,L4M3X9,ON,Ca,Operations,Zoo0batah,819-672-9039,Adatum,"OU=Operations,DC=adatum,DC=com",COMP2138-W2024
Thomas,Crabtree,Thersevere2001,Thomas.Crabtree@adatum.com,ThomasECrabtree@teleworm.us,1 Georgian Way,Barrie,L4M3X9,ON,Ca,Operations,cheic4ooF,418-782-6109,Adatum,"OU=Operations,DC=adatum,DC=com",COMP2138-W2024
Michelle,Brooke,Judy1991,Michelle.Brooke@adatum.com,MichelleRBrooke@cuvox.de,1 Georgian Way,Barrie,L4M3X9,ON,Ca,Operations,iefaeTheer6,647-222-1252,Adatum,"OU=Operations,DC=adatum,DC=com",COMP2138-W2024
Stephen,Long,Tepicalf66,Stephen.Long@adatum.com,StephenSLong@dayrep.com,1 Georgian Way,Barrie,L4M3X9,ON,Ca,Operations,Aiqueiw7Ku5,416-642-1711,Adatum,"OU=Operations,DC=adatum,DC=com",COMP2138-W2024
Dominique,Ray,Harfidut1952,Dominique.Ray@adatum.com,DominiqueARay@jourrapide.com,1 Georgian Way,Barrie,L4M3X9,ON,Ca,Operations,do7aeLu7Ee,514-963-0367,Adatum,"OU=Operations,DC=adatum,DC=com",COMP2138-W2024
Emily,Fraley,Alitels,Emily.Fraley@adatum.com,EmilyWFraley@gustr.com,1 Georgian Way,Barrie,L4M3X9,ON,Ca,Operations,aph5Viehoh,416-245-0767,Adatum,"OU=Operations,DC=adatum,DC=com",COMP2138-W2024
John,Ybarra,Ecaughty65,John.Ybarra@adatum.com,JohnJYbarra@teleworm.us,1 Georgian Way,Barrie,L4M3X9,ON,Ca,Operations,GeePh6zeu8,416-309-7721,Adatum,"OU=Operations,DC=adatum,DC=com",COMP2138-W2024
Jennifer,Carter,Whiss1979,Jennifer.Carter@adatum.com,JenniferFCarter@cuvox.de,1 Georgian Way,Barrie,L4M3X9,ON,Ca,Operations,Heiphai8mo,519-636-0498,Adatum,"OU=Operations,DC=adatum,DC=com",COMP2138-W2024
Regina,Stpierre,Fameth,Regina.Stpierre@adatum.com,ReginaJStpierre@einrot.com,1 Georgian Way,Barrie,L4M3X9,ON,Ca,Operations,Oisi1um5,613-330-4134,Adatum,"OU=Operations,DC=adatum,DC=com",COMP2138-W2024
Gloria,Mather,Unten1988,Gloria.Mather@adatum.com,GloriaRMather@gustr.com,1 Georgian Way,Barrie,L4M3X9,ON,Ca,Operations,On5quaf5,604-935-7688,Adatum,"OU=Operations,DC=adatum,DC=com",COMP2138-W2024
Hope,Suber,Alad1986,Hope.Suber@adatum.com,HopeJSuber@dayrep.com,1 Georgian Way,Barrie,L4M3X9,ON,Ca,Operations,HeF5Ohgi8ae,519-855-8533,Adatum,"OU=Operations,DC=adatum,DC=com",COMP2138-W2024
Shannon,Mizell,Roatt1993,Shannon.Mizell@adatum.com,ShannonPMizell@superrito.com,1 Georgian Way,Barrie,L4M3X9,ON,Ca,Operations,ohthai5O,604-794-5534,Adatum,"OU=Operations,DC=adatum,DC=com",COMP2138-W2024
Christine,Dejesus,Sufficany,Christine.Dejesus@adatum.com,ChristineFDejesus@rhyta.com,1 Georgian Way,Barrie,L4M3X9,ON,Ca,Operations,WaquoS1Ah,613-587-9420,Adatum,"OU=Operations,DC=adatum,DC=com",COMP2138-W2024
Ann,Patrick,Asom1977,Ann.Patrick@adatum.com,AnnRPatrick@gustr.com,1 Georgian Way,Barrie,L4M3X9,ON,Ca,Operations,Voh3gai9v,905-805-1549,Adatum,"OU=Operations,DC=adatum,DC=com",COMP2138-W2024
Dorothy,Chaput,Wortill,Dorothy.Chaput@adatum.com,DorothyFChaput@einrot.com,1 Georgian Way,Barrie,L4M3X9,ON,Ca,Operations,Daeghiex5c,613-280-9056,Adatum,"OU=Operations,DC=adatum,DC=com",COMP2138-W2024
Lewis,Roy,Delly1968,Lewis.Roy@adatum.com,LewisGRoy@armyspy.com,1 Georgian Way,Barrie,L4M3X9,ON,Ca,Operations,aiGhe7eeb,416-881-6748,Adatum,"OU=Operations,DC=adatum,DC=com",COMP2138-W2024
Tina,Weathers,Ablang,Tina.Weathers@adatum.com,TinaJWeathers@superrito.com,1 Georgian Way,Barrie,L4M3X9,ON,Ca,Operations,ooh2Aet5ie,418-587-3131,Adatum,"OU=Operations,DC=adatum,DC=com",COMP2138-W2024
John,Albright,Lighervaing,John.Albright@adatum.com,JohnDAlbright@cuvox.de,1 Georgian Way,Barrie,L4M3X9,ON,Ca,Operations,vaiK6Aipeik,905-468-5830,Adatum,"OU=Operations,DC=adatum,DC=com",COMP2138-W2024
Helen,Adkinson,Annever,Helen.Adkinson@adatum.com,HelenDAdkinson@superrito.com,1 Georgian Way,Barrie,L4M3X9,ON,Ca,Operations,jah9Thoo6Hi,905-599-9593,Adatum,"OU=Operations,DC=adatum,DC=com",COMP2138-W2024
Amos,Davis,Scrithe,Amos.Davis@adatum.com,AmosCDavis@einrot.com,1 Georgian Way,Barrie,L4M3X9,ON,Ca,Operations,baphee3Beem,418-346-9941,Adatum,"OU=Operations,DC=adatum,DC=com",COMP2138-W2024
Douglas,Canty,Mandew,Douglas.Canty@adatum.com,DouglasNCanty@superrito.com,1 Georgian Way,Barrie,L4M3X9,ON,Ca,Operations,geeSh8pei,519-350-1035,Adatum,"OU=Operations,DC=adatum,DC=com",COMP2138-W2024
Amy,Bartee,Takings,Amy.Bartee@adatum.com,AmyDBartee@jourrapide.com,1 Georgian Way,Barrie,L4M3X9,ON,Ca,Operations,Ifua6zah5Nae,306-679-3072,Adatum,"OU=Operations,DC=adatum,DC=com",COMP2138-W2024
Beryl,Farris,Aliesofely,Beryl.Farris@adatum.com,BerylGFarris@armyspy.com,1 Georgian Way,Barrie,L4M3X9,ON,Ca,Operations,Se3ooviquie,418-648-6156,Adatum,"OU=Operations,DC=adatum,DC=com",COMP2138-W2024
Christina,Lott,Gorry1990,Christina.Lott@adatum.com,ChristinaRLott@armyspy.com,1 Georgian Way,Barrie,L4M3X9,ON,Ca,Operations,iesaez3O,613-751-1954,Adatum,"OU=Operations,DC=adatum,DC=com",COMP2138-W2024
Fred,Marion,Ingold,Fred.Marion@adatum.com,FredAMarion@teleworm.us,1 Georgian Way,Barrie,L4M3X9,ON,Ca,Operations,Ez8mo9chiej,778-554-8103,Adatum,"OU=Operations,DC=adatum,DC=com",COMP2138-W2024
Gloria,Foster,Osgrot,Gloria.Foster@adatum.com,GloriaRFoster@fleckens.hu,1 Georgian Way,Barrie,L4M3X9,ON,Ca,Operations,eipae1Ia,403-203-4561,Adatum,"OU=Operations,DC=adatum,DC=com",COMP2138-W2024
Jerry,Myers,Pregivempank,Jerry.Myers@adatum.com,JerrySMyers@dayrep.com,1 Georgian Way,Barrie,L4M3X9,ON,Ca,Operations,chaY7iofae,613-926-8413,Adatum,"OU=Operations,DC=adatum,DC=com",COMP2138-W2024
Leslie,Mobley,Theapoes1983,Leslie.Mobley@adatum.com,LeslieCMobley@dayrep.com,1 Georgian Way,Barrie,L4M3X9,ON,Ca,Operations,eeM5iH4oh,250-230-7026,Adatum,"OU=Operations,DC=adatum,DC=com",COMP2138-W2024
Kieth,Hawkins,Ench2000,Kieth.Hawkins@adatum.com,KiethPHawkins@fleckens.hu,1 Georgian Way,Barrie,L4M3X9,ON,Ca,Operations,eoJ5ce6Ah,514-991-4799,Adatum,"OU=Operations,DC=adatum,DC=com",COMP2138-W2024
Roderick,Soper,Alary1963,Roderick.Soper@adatum.com,RoderickLSoper@fleckens.hu,1 Georgian Way,Barrie,L4M3X9,ON,Ca,Managers,Aefep4thei7,604-450-4820,Adatum,"OU=Managers,DC=adatum,DC=com",COMP2138-W2024
Ryan,Brown,Vaimand,Ryan.Brown@adatum.com,RyanPBrown@teleworm.us,1 Georgian Way,Barrie,L4M3X9,ON,Ca,Managers,Iophoo9ieT4u,780-486-9204,Adatum,"OU=Managers,DC=adatum,DC=com",COMP2138-W2024
Jose,Sorensen,Plence,Jose.Sorensen@adatum.com,JoseESorensen@armyspy.com,1 Georgian Way,Barrie,L4M3X9,ON,Ca,Administrative,Ok3Cooz1ooh,250-801-0640,Adatum,"OU=Administrative,DC=adatum,DC=com",COMP2138-W2024
Irene,Gorman,Stagaind,Irene.Gorman@adatum.com,IreneMGorman@armyspy.com,1 Georgian Way,Barrie,L4M3X9,ON,Ca,Administrative,zoqu9iThud2,416-471-8119,Adatum,"OU=Administrative,DC=adatum,DC=com",COMP2138-W2024
Jody,Anderson,Saive1992,Jody.Anderson@adatum.com,JodyMAnderson@jourrapide.com,1 Georgian Way,Barrie,L4M3X9,ON,Ca,Research,eiW5Eit6Ae,450-577-9605,Adatum,"OU=Research,DC=adatum,DC=com",COMP2138-W2024
Patricia,Laughter,Heltaked,Patricia.Laughter@adatum.com,PatriciaJLaughter@cuvox.de,1 Georgian Way,Barrie,L4M3X9,ON,Ca,Research,Uijaequai9,807-623-5239,Adatum,"OU=Research,DC=adatum,DC=com",COMP2138-W2024
Jennifer,Brothers,Thro1975,Jennifer.Brothers@adatum.com,JenniferJBrothers@teleworm.us,1 Georgian Way,Barrie,L4M3X9,ON,Ca,Research,ieTheW9eiph,416-753-8478,Adatum,"OU=Research,DC=adatum,DC=com",COMP2138-W2024
Anne,Anderson,Firessin,Anne.Anderson@adatum.com,AnneVAnderson@dayrep.com,1 Georgian Way,Barrie,L4M3X9,ON,Ca,IT,ueB4eovo2b,450-882-9004,Adatum,"OU=IT,DC=adatum,DC=com",COMP2138-W2024
Ross,King,Noth1985,Ross.King@adatum.com,RossCKing@cuvox.de,1 Georgian Way,Barrie,L4M3X9,ON,Ca,IT,Ohf8ohb2,780-939-9568,Adatum,"OU=IT,DC=adatum,DC=com",COMP2138-W2024
Joseph,Fillion,Daustrally,Joseph.Fillion@adatum.com,JosephVFillion@jourrapide.com,1 Georgian Way,Barrie,L4M3X9,ON,Ca,IT,ies6aipheeB,403-240-3975,Adatum,"OU=IT,DC=adatum,DC=com",COMP2138-W2024
Ben,Green,Rect1990,Ben.Green@adatum.com,BenCGreen@dayrep.com,1 Georgian Way,Barrie,L4M3X9,ON,Ca,IT,yahXut5x,514-486-6021,Adatum,"OU=IT,DC=adatum,DC=com",COMP2138-W2024
Kim,Stjohn,Hissfin,Kim.Stjohn@adatum.com,KimJStjohn@cuvox.de,1 Georgian Way,Barrie,L4M3X9,ON,Ca,Operations,qua0Afu7Ku,613-830-5074,Adatum,"OU=Operations,DC=adatum,DC=com",COMP2138-W2024
Enrique,Tatro,Pirs1952,Enrique.Tatro@adatum.com,EnriqueLTatro@rhyta.com,1 Georgian Way,Barrie,L4M3X9,ON,Ca,Operations,shoobeeC1,604-640-5104,Adatum,"OU=Operations,DC=adatum,DC=com",COMP2138-W2024
Clifford,Burden,Dowleareate,Clifford.Burden@adatum.com,CliffordIBurden@fleckens.hu,1 Georgian Way,Barrie,L4M3X9,ON,Ca,Operations,MuteJ4Oaqu,905-396-7319,Adatum,"OU=Operations,DC=adatum,DC=com",COMP2138-W2024
Jerry,Cook,Stooke1961,Jerry.Cook@adatum.com,JerryJCook@fleckens.hu,1 Georgian Way,Barrie,L4M3X9,ON,Ca,Operations,aitaiHi7,705-878-0257,Adatum,"OU=Operations,DC=adatum,DC=com",COMP2138-W2024
Roy,Neilson,Parocce1940,Roy.Neilson@adatum.com,RoyBNeilson@armyspy.com,1 Georgian Way,Barrie,L4M3X9,ON,Ca,Operations,eed3Duv7,905-319-3950,Adatum,"OU=Operations,DC=adatum,DC=com",COMP2138-W2024
Gerald,Cuevas,Uterming,Gerald.Cuevas@adatum.com,GeraldLCuevas@gustr.com,1 Georgian Way,Barrie,L4M3X9,ON,Ca,Operations,oog9biRae,780-723-9960,Adatum,"OU=Operations,DC=adatum,DC=com",COMP2138-W2024
Maude,Zink,Swuzzy,Maude.Zink@adatum.com,MaudeRZink@rhyta.com,1 Georgian Way,Barrie,L4M3X9,ON,Ca,Operations,Ephait0oif5,780-471-8289,Adatum,"OU=Operations,DC=adatum,DC=com",COMP2138-W2024
Mitchell,Reed,Screlested,Mitchell.Reed@adatum.com,MitchellCReed@gustr.com,1 Georgian Way,Barrie,L4M3X9,ON,Ca,Operations,Oqu2dato,250-513-1480,Adatum,"OU=Operations,DC=adatum,DC=com",COMP2138-W2024
Brent,Look,Witentleming,Brent.Look@adatum.com,BrentBLook@armyspy.com,1 Georgian Way,Barrie,L4M3X9,ON,Ca,Operations,Ohja3ohy,705-796-2597,Adatum,"OU=Operations,DC=adatum,DC=com",COMP2138-W2024
Jason,Nishimura,Hiner2004,Jason.Nishimura@adatum.com,JasonMNishimura@dayrep.com,1 Georgian Way,Barrie,L4M3X9,ON,Ca,Operations,wooT9eezeiw,514-290-0576,Adatum,"OU=Operations,DC=adatum,DC=com",COMP2138-W2024
Kenya,Falgoust,Hibbians,Kenya.Falgoust@adatum.com,KenyaMFalgoust@rhyta.com,1 Georgian Way,Barrie,L4M3X9,ON,Ca,Operations,Reiwahw2bai,403-234-4542,Adatum,"OU=Operations,DC=adatum,DC=com",COMP2138-W2024
Patsy,Wyble,Belince,Patsy.Wyble@adatum.com,PatsyFWyble@jourrapide.com,1 Georgian Way,Barrie,L4M3X9,ON,Ca,Operations,Zap5ahta,403-213-9875,Adatum,"OU=Operations,DC=adatum,DC=com",COMP2138-W2024
Donald,Moniz,Chims1939,Donald.Moniz@adatum.com,DonaldSMoniz@teleworm.us,1 Georgian Way,Barrie,L4M3X9,ON,Ca,Operations,ahw5Ahxub4z,306-997-2178,Adatum,"OU=Operations,DC=adatum,DC=com",COMP2138-W2024
Faith,Murphy,Pricher,Faith.Murphy@adatum.com,FaithDMurphy@einrot.com,1 Georgian Way,Barrie,L4M3X9,ON,Ca,Operations,pigeish0ieNg,819-380-6259,Adatum,"OU=Operations,DC=adatum,DC=com",COMP2138-W2024
Clifford,Breaux,Witold,Clifford.Breaux@adatum.com,CliffordLBreaux@rhyta.com,1 Georgian Way,Barrie,L4M3X9,ON,Ca,Operations,loohoh9Ee,416-248-9511,Adatum,"OU=Operations,DC=adatum,DC=com",COMP2138-W2024
Linda,Lewis,Mareceing96,Linda.Lewis@adatum.com,LindaCLewis@armyspy.com,1 Georgian Way,Barrie,L4M3X9,ON,Ca,Operations,esh0Aikaiv8,416-481-2516,Adatum,"OU=Operations,DC=adatum,DC=com",COMP2138-W2024
Michael,McCurdy,Achim2004,Michael.McCurdy@adatum.com,MichaelMMcCurdy@fleckens.hu,1 Georgian Way,Barrie,L4M3X9,ON,Ca,Operations,meS3hiekai,780-787-2079,Adatum,"OU=Operations,DC=adatum,DC=com",COMP2138-W2024
Richard,Hawkins,Clictithe,Richard.Hawkins@adatum.com,RichardSHawkins@rhyta.com,1 Georgian Way,Barrie,L4M3X9,ON,Ca,Operations,ahWei9ee,418-228-3484,Adatum,"OU=Operations,DC=adatum,DC=com",COMP2138-W2024
Nicholas,Bruce,Andelp,Nicholas.Bruce@adatum.com,NicholasCBruce@fleckens.hu,1 Georgian Way,Barrie,L4M3X9,ON,Ca,Operations,oa2iu8ciG,807-927-6302,Adatum,"OU=Operations,DC=adatum,DC=com",COMP2138-W2024
Michael,Davis,Haost1942,Michael.Davis@adatum.com,MichaelADavis@superrito.com,1 Georgian Way,Barrie,L4M3X9,ON,Ca,Operations,eeShai7m,519-829-2106,Adatum,"OU=Operations,DC=adatum,DC=com",COMP2138-W2024
Doris,Hawkins,Objeand1950,Doris.Hawkins@adatum.com,DorisSHawkins@dayrep.com,1 Georgian Way,Barrie,L4M3X9,ON,Ca,Operations,Oothaep5R,250-760-5536,Adatum,"OU=Operations,DC=adatum,DC=com",COMP2138-W2024
Elizabeth,Burrell,Leffift1945,Elizabeth.Burrell@adatum.com,ElizabethJBurrell@dayrep.com,1 Georgian Way,Barrie,L4M3X9,ON,Ca,Operations,eeCie7qu,416-213-7944,Adatum,"OU=Operations,DC=adatum,DC=com",COMP2138-W2024
Gina,Lowenthal,Nits1978,Gina.Lowenthal@adatum.com,GinaSLowenthal@rhyta.com,1 Georgian Way,Barrie,L4M3X9,ON,Ca,Operations,Che3Xeeb7o,418-530-0069,Adatum,"OU=Operations,DC=adatum,DC=com",COMP2138-W2024
Nicola,Spencer,Fastore,Nicola.Spencer@adatum.com,NicolaDSpencer@cuvox.de,1 Georgian Way,Barrie,L4M3X9,ON,Ca,Operations,AeQu5apoF,780-582-4486,Adatum,"OU=Operations,DC=adatum,DC=com",COMP2138-W2024
Raymond,Simpson,Wassaimmat,Raymond.Simpson@adatum.com,RaymondCSimpson@gustr.com,1 Georgian Way,Barrie,L4M3X9,ON,Ca,Operations,echie8Shei,519-828-9345,Adatum,"OU=Operations,DC=adatum,DC=com",COMP2138-W2024
Pamela,Guevara,Thould,Pamela.Guevara@adatum.com,PamelaBGuevara@cuvox.de,1 Georgian Way,Barrie,L4M3X9,ON,Ca,Operations,liew2Neewe,250-357-3995,Adatum,"OU=Operations,DC=adatum,DC=com",COMP2138-W2024
Mary,Lewis,Ferece1999,Mary.Lewis@adatum.com,MaryDLewis@teleworm.us,1 Georgian Way,Barrie,L4M3X9,ON,Ca,Operations,Yio6iequee,514-774-7848,Adatum,"OU=Operations,DC=adatum,DC=com",COMP2138-W2024
Randi,Valles,Aboricand,Randi.Valles@adatum.com,RandiKValles@armyspy.com,1 Georgian Way,Barrie,L4M3X9,ON,Ca,Operations,waoTijoh6ph,705-329-3838,Adatum,"OU=Operations,DC=adatum,DC=com",COMP2138-W2024
Donald,Boyd,Hinat1992,Donald.Boyd@adatum.com,DonaldJBoyd@fleckens.hu,1 Georgian Way,Barrie,L4M3X9,ON,Ca,Operations,aeCaqu0zai,705-739-9341,Adatum,"OU=Operations,DC=adatum,DC=com",COMP2138-W2024
Susan,Rue,Thapplad,Susan.Rue@adatum.com,SusanIRue@einrot.com,1 Georgian Way,Barrie,L4M3X9,ON,Ca,Operations,eel6ef7Uo,514-882-4034,Adatum,"OU=Operations,DC=adatum,DC=com",COMP2138-W2024
Christopher,Ferguson,Arence,Christopher.Ferguson@adatum.com,ChristopherAFerguson@einrot.com,1 Georgian Way,Barrie,L4M3X9,ON,Ca,Operations,Chi4ti3ee,403-229-0162,Adatum,"OU=Operations,DC=adatum,DC=com",COMP2138-W2024
Willard,Gabel,Thinted,Willard.Gabel@adatum.com,WillardKGabel@cuvox.de,1 Georgian Way,Barrie,L4M3X9,ON,Ca,Operations,deim2Af9wei,905-283-5526,Adatum,"OU=Operations,DC=adatum,DC=com",COMP2138-W2024
Maureen,Moroney,Topoicusin,Maureen.Moroney@adatum.com,MaureenWMoroney@einrot.com,1 Georgian Way,Barrie,L4M3X9,ON,Ca,Managers,ye6Eepohh,416-651-3307,Adatum,"OU=Managers,DC=adatum,DC=com",COMP2138-W2024
Benjamin,Jacob,Allontention66,Benjamin.Jacob@adatum.com,BenjaminGJacob@cuvox.de,1 Georgian Way,Barrie,L4M3X9,ON,Ca,Managers,dooS8ohbieCh,506-212-6237,Adatum,"OU=Managers,DC=adatum,DC=com",COMP2138-W2024
Maxine,Oakes,Sucipt1946,Maxine.Oakes@adatum.com,MaxineROakes@dayrep.com,1 Georgian Way,Barrie,L4M3X9,ON,Ca,Administrative,su3PhaeL7ohh,519-285-3550,Adatum,"OU=Administrative,DC=adatum,DC=com",COMP2138-W2024
Melvin,Williams,Pothumlect,Melvin.Williams@adatum.com,MelvinSWilliams@einrot.com,1 Georgian Way,Barrie,L4M3X9,ON,Ca,Administrative,Epei0Ohvopu,250-846-3557,Adatum,"OU=Administrative,DC=adatum,DC=com",COMP2138-W2024
Alexander,Samuels,Fousecuoder,Alexander.Samuels@adatum.com,AlexanderESamuels@teleworm.us,1 Georgian Way,Barrie,L4M3X9,ON,Ca,Research,eiF4Fiech,604-516-3177,Adatum,"OU=Research,DC=adatum,DC=com",COMP2138-W2024
Theresa,Hinton,Gioneds,Theresa.Hinton@adatum.com,TheresaFHinton@cuvox.de,1 Georgian Way,Barrie,L4M3X9,ON,Ca,Research,oozieT3iij,709-621-3383,Adatum,"OU=Research,DC=adatum,DC=com",COMP2138-W2024
Phillip,Reiter,Sciah1998,Phillip.Reiter@adatum.com,PhillipRReiter@fleckens.hu,1 Georgian Way,Barrie,L4M3X9,ON,Ca,Research,heej8Ob4oat,613-882-1694,Adatum,"OU=Research,DC=adatum,DC=com",COMP2138-W2024
Alma,Martin,Whadn1997,Alma.Martin@adatum.com,AlmaJMartin@teleworm.us,1 Georgian Way,Barrie,L4M3X9,ON,Ca,IT,Um4seeceelai,416-670-4438,Adatum,"OU=IT,DC=adatum,DC=com",COMP2138-W2024
Barry,Lanoue,Aniused68,Barry.Lanoue@adatum.com,BarryPLanoue@dayrep.com,1 Georgian Way,Barrie,L4M3X9,ON,Ca,IT,phaiH9ahph,905-644-2370,Adatum,"OU=IT,DC=adatum,DC=com",COMP2138-W2024
Thomas,Williams,Cappe1955,Thomas.Williams@adatum.com,ThomasCWilliams@dayrep.com,1 Georgian Way,Barrie,L4M3X9,ON,Ca,IT,UZ1Aewei,905-692-3070,Adatum,"OU=IT,DC=adatum,DC=com",COMP2138-W2024
Lisa,Davis,Onessince,Lisa.Davis@adatum.com,LisaSDavis@dayrep.com,1 Georgian Way,Barrie,L4M3X9,ON,Ca,IT,aiHohL0iChie,905-547-1925,Adatum,"OU=IT,DC=adatum,DC=com",COMP2138-W2024
Donald,Scannell,Yetrome89,Donald.Scannell@adatum.com,DonaldEScannell@dayrep.com,1 Georgian Way,Barrie,L4M3X9,ON,Ca,Operations,ahch8phieL,705-544-5809,Adatum,"OU=Operations,DC=adatum,DC=com",COMP2138-W2024
Shirley,Cole,Wireds,Shirley.Cole@adatum.com,ShirleyDCole@cuvox.de,1 Georgian Way,Barrie,L4M3X9,ON,Ca,Operations,oRee6ohp9ah,705-607-3308,Adatum,"OU=Operations,DC=adatum,DC=com",COMP2138-W2024
Everett,Hensley,Overe1970,Everett.Hensley@adatum.com,EverettLHensley@superrito.com,1 Georgian Way,Barrie,L4M3X9,ON,Ca,Operations,iiheeK0ohva,250-485-5590,Adatum,"OU=Operations,DC=adatum,DC=com",COMP2138-W2024
Eduardo,Hammond,Horce1945,Eduardo.Hammond@adatum.com,EduardoMHammond@teleworm.us,1 Georgian Way,Barrie,L4M3X9,ON,Ca,Operations,Uivaa1eiZu,705-929-2254,Adatum,"OU=Operations,DC=adatum,DC=com",COMP2138-W2024
Al,Harrison,Barbence,Al.Harrison@adatum.com,AlBHarrison@cuvox.de,1 Georgian Way,Barrie,L4M3X9,ON,Ca,Operations,wees4Nooh,403-969-7342,Adatum,"OU=Operations,DC=adatum,DC=com",COMP2138-W2024
Franklin,Baker,Campt1979,Franklin.Baker@adatum.com,FranklinRBaker@teleworm.us,1 Georgian Way,Barrie,L4M3X9,ON,Ca,Operations,EeS4Zaeth7,403-410-1859,Adatum,"OU=Operations,DC=adatum,DC=com",COMP2138-W2024
Margaret,Brake,Ancrienown,Margaret.Brake@adatum.com,MargaretDBrake@rhyta.com,1 Georgian Way,Barrie,L4M3X9,ON,Ca,Operations,Eik9engae,450-666-3905,Adatum,"OU=Operations,DC=adatum,DC=com",COMP2138-W2024
William,McKenney,Exual1969,William.McKenney@adatum.com,WilliamSMcKenney@fleckens.hu,1 Georgian Way,Barrie,L4M3X9,ON,Ca,Operations,Yaet4eeWe,514-979-9370,Adatum,"OU=Operations,DC=adatum,DC=com",COMP2138-W2024
Jeffrey,Wallick,Inight,Jeffrey.Wallick@adatum.com,JeffreyGWallick@teleworm.us,1 Georgian Way,Barrie,L4M3X9,ON,Ca,Operations,Ia2oyah8aa,647-400-3624,Adatum,"OU=Operations,DC=adatum,DC=com",COMP2138-W2024
Jack,Reynolds,Wastoponcen,Jack.Reynolds@adatum.com,JackCReynolds@superrito.com,1 Georgian Way,Barrie,L4M3X9,ON,Ca,Operations,eo9Reizoov4,780-466-4118,Adatum,"OU=Operations,DC=adatum,DC=com",COMP2138-W2024
Samantha,Walker,Althat,Samantha.Walker@adatum.com,SamanthaHWalker@cuvox.de,1 Georgian Way,Barrie,L4M3X9,ON,Ca,Operations,Uw7Einoasahth,902-566-4745,Adatum,"OU=Operations,DC=adatum,DC=com",COMP2138-W2024
Lisa,Smith,Evered55,Lisa.Smith@adatum.com,LisaDSmith@rhyta.com,1 Georgian Way,Barrie,L4M3X9,ON,Ca,Operations,Yeithoo0az,403-867-1969,Adatum,"OU=Operations,DC=adatum,DC=com",COMP2138-W2024
Erika,Sylvester,Parld1974,Erika.Sylvester@adatum.com,ErikaJSylvester@superrito.com,1 Georgian Way,Barrie,L4M3X9,ON,Ca,Operations,niqu9Jae,416-343-2840,Adatum,"OU=Operations,DC=adatum,DC=com",COMP2138-W2024
Vance,Arellano,Weeprome,Vance.Arellano@adatum.com,VanceMArellano@armyspy.com,1 Georgian Way,Barrie,L4M3X9,ON,Ca,Operations,yoh4oX8aexu,514-390-4232,Adatum,"OU=Operations,DC=adatum,DC=com",COMP2138-W2024
Ivan,Benedict,Hemperess,Ivan.Benedict@adatum.com,IvanABenedict@armyspy.com,1 Georgian Way,Barrie,L4M3X9,ON,Ca,Operations,Eoz0ooneipe,416-388-7729,Adatum,"OU=Operations,DC=adatum,DC=com",COMP2138-W2024
Colleen,Rasco,Onves1995,Colleen.Rasco@adatum.com,ColleenTRasco@fleckens.hu,1 Georgian Way,Barrie,L4M3X9,ON,Ca,Operations,efah6Nei9Wei,780-985-8337,Adatum,"OU=Operations,DC=adatum,DC=com",COMP2138-W2024
Joseph,Jones,Kattlet,Joseph.Jones@adatum.com,JosephKJones@dayrep.com,1 Georgian Way,Barrie,L4M3X9,ON,Ca,Operations,eiPhai3Ix,403-503-1512,Adatum,"OU=Operations,DC=adatum,DC=com",COMP2138-W2024
Ernest,Walston,Sholeake,Ernest.Walston@adatum.com,ErnestSWalston@dayrep.com,1 Georgian Way,Barrie,L4M3X9,ON,Ca,Operations,reve9EeX4,250-589-9179,Adatum,"OU=Operations,DC=adatum,DC=com",COMP2138-W2024
Floyd,Weber,Coses1953,Floyd.Weber@adatum.com,FloydCWeber@cuvox.de,1 Georgian Way,Barrie,L4M3X9,ON,Ca,Operations,Kee4feem1,306-768-8153,Adatum,"OU=Operations,DC=adatum,DC=com",COMP2138-W2024
Paul,Burden,Foon1955,Paul.Burden@adatum.com,PaulCBurden@dayrep.com,1 Georgian Way,Barrie,L4M3X9,ON,Ca,Operations,Shiub1ue,250-347-4010,Adatum,"OU=Operations,DC=adatum,DC=com",COMP2138-W2024
Adam,Greear,Heltaked,Adam.Greear@adatum.com,AdamTGreear@jourrapide.com,1 Georgian Way,Barrie,L4M3X9,ON,Ca,Operations,ugei0Ceo3Th,780-939-2968,Adatum,"OU=Operations,DC=adatum,DC=com",COMP2138-W2024
James,Carlisle,Thujered1971,James.Carlisle@adatum.com,JamesKCarlisle@einrot.com,1 Georgian Way,Barrie,L4M3X9,ON,Ca,Operations,Ew7quei8,807-547-8437,Adatum,"OU=Operations,DC=adatum,DC=com",COMP2138-W2024
Kevin,Brigham,Thersece,Kevin.Brigham@adatum.com,KevinPBrigham@armyspy.com,1 Georgian Way,Barrie,L4M3X9,ON,Ca,Operations,Le3Poh7roo,416-722-9833,Adatum,"OU=Operations,DC=adatum,DC=com",COMP2138-W2024
William,Cecere,Vandice49,William.Cecere@adatum.com,WilliamJCecere@einrot.com,1 Georgian Way,Barrie,L4M3X9,ON,Ca,Operations,Uej7iengooTh,306-956-4773,Adatum,"OU=Operations,DC=adatum,DC=com",COMP2138-W2024
Pamela,Lembo,Thorger,Pamela.Lembo@adatum.com,PamelaVLembo@dayrep.com,1 Georgian Way,Barrie,L4M3X9,ON,Ca,Operations,aen5ue5USh,778-829-4861,Adatum,"OU=Operations,DC=adatum,DC=com",COMP2138-W2024
Shannon,Nunez,Thadjaink,Shannon.Nunez@adatum.com,ShannonANunez@superrito.com,1 Georgian Way,Barrie,L4M3X9,ON,Ca,Operations,ol1Jeozoh,306-591-9110,Adatum,"OU=Operations,DC=adatum,DC=com",COMP2138-W2024
Leonard,Jackson,Graw1949,Leonard.Jackson@adatum.com,LeonardOJackson@superrito.com,1 Georgian Way,Barrie,L4M3X9,ON,Ca,Operations,Aiweex2ooL,867-392-4088,Adatum,"OU=Operations,DC=adatum,DC=com",COMP2138-W2024
Brandon,Hager,Knem1998,Brandon.Hager@adatum.com,BrandonNHager@jourrapide.com,1 Georgian Way,Barrie,L4M3X9,ON,Ca,Operations,Oxoa9osai,705-344-9338,Adatum,"OU=Operations,DC=adatum,DC=com",COMP2138-W2024
Roger,Skinner,Nother,Roger.Skinner@adatum.com,RogerCSkinner@dayrep.com,1 Georgian Way,Barrie,L4M3X9,ON,Ca,Operations,Fohph8ahchee,250-455-1794,Adatum,"OU=Operations,DC=adatum,DC=com",COMP2138-W2024
Maria,Linville,Horks1965,Maria.Linville@adatum.com,MariaMLinville@armyspy.com,1 Georgian Way,Barrie,L4M3X9,ON,Ca,Operations,Catai2gai7,306-588-6101,Adatum,"OU=Operations,DC=adatum,DC=com",COMP2138-W2024
Floyd,Haskell,Saingly,Floyd.Haskell@adatum.com,FloydMHaskell@gustr.com,1 Georgian Way,Barrie,L4M3X9,ON,Ca,Operations,Oingaa6ahpah,819-503-8051,Adatum,"OU=Operations,DC=adatum,DC=com",COMP2138-W2024
Lavera,Farrar,Theyed,Lavera.Farrar@adatum.com,LaveraWFarrar@armyspy.com,1 Georgian Way,Barrie,L4M3X9,ON,Ca,Operations,oosie6Nob,780-632-8975,Adatum,"OU=Operations,DC=adatum,DC=com",COMP2138-W2024
John,Britton,Forall,John.Britton@adatum.com,JohnFBritton@fleckens.hu,1 Georgian Way,Barrie,L4M3X9,ON,Ca,Managers,mei7eeSee,905-401-9937,Adatum,"OU=Managers,DC=adatum,DC=com",COMP2138-W2024
Gerald,Stewart,Whalke,Gerald.Stewart@adatum.com,GeraldMStewart@superrito.com,1 Georgian Way,Barrie,L4M3X9,ON,Ca,Managers,Do6go6shahd,905-320-7817,Adatum,"OU=Managers,DC=adatum,DC=com",COMP2138-W2024
Rafael,Ellis,Goodincen,Rafael.Ellis@adatum.com,RafaelPEllis@einrot.com,1 Georgian Way,Barrie,L4M3X9,ON,Ca,Administrative,Ni0aibaeg,604-675-0025,Adatum,"OU=Administrative,DC=adatum,DC=com",COMP2138-W2024
Nancy,Sims,Annessare,Nancy.Sims@adatum.com,NancyBSims@jourrapide.com,1 Georgian Way,Barrie,L4M3X9,ON,Ca,Administrative,eengah7Iv1,780-988-3848,Adatum,"OU=Administrative,DC=adatum,DC=com",COMP2138-W2024
Patrick,Lawson,Thwithis,Patrick.Lawson@adatum.com,PatrickALawson@gustr.com,1 Georgian Way,Barrie,L4M3X9,ON,Ca,Research,Too9aephae,450-508-0340,Adatum,"OU=Research,DC=adatum,DC=com",COMP2138-W2024
Herbert,Heflin,Rithatis,Herbert.Heflin@adatum.com,HerbertJHeflin@superrito.com,1 Georgian Way,Barrie,L4M3X9,ON,Ca,Research,uiPhooHai8ei,450-595-5822,Adatum,"OU=Research,DC=adatum,DC=com",COMP2138-W2024
Terry,Montgomery,Exclore,Terry.Montgomery@adatum.com,TerryAMontgomery@cuvox.de,1 Georgian Way,Barrie,L4M3X9,ON,Ca,Research,iiseeK9ki,705-253-0305,Adatum,"OU=Research,DC=adatum,DC=com",COMP2138-W2024
Rhett,Gordon,Panytherry,Rhett.Gordon@adatum.com,RhettLGordon@dayrep.com,1 Georgian Way,Barrie,L4M3X9,ON,Ca,IT,oochoYoo9ak,416-615-7152,Adatum,"OU=IT,DC=adatum,DC=com",COMP2138-W2024
Sarah,Norris,Wiltat,Sarah.Norris@adatum.com,SarahHNorris@superrito.com,1 Georgian Way,Barrie,L4M3X9,ON,Ca,IT,uBu6Za5Ohw,613-675-7389,Adatum,"OU=IT,DC=adatum,DC=com",COMP2138-W2024
Mary,Reese,Uposseen,Mary.Reese@adatum.com,MaryKReese@jourrapide.com,1 Georgian Way,Barrie,L4M3X9,ON,Ca,IT,yae2jo7AeGh,418-292-7172,Adatum,"OU=IT,DC=adatum,DC=com",COMP2138-W2024
Ruth,Smith,Youldiz88,Ruth.Smith@adatum.com,RuthBSmith@teleworm.us,1 Georgian Way,Barrie,L4M3X9,ON,Ca,IT,dieThai4zi,250-404-0635,Adatum,"OU=IT,DC=adatum,DC=com",COMP2138-W2024
Loretta,Lehn,Dides1939,Loretta.Lehn@adatum.com,LorettaRLehn@fleckens.hu,1 Georgian Way,Barrie,L4M3X9,ON,Ca,Operations,zahph5Ie,780-489-1290,Adatum,"OU=Operations,DC=adatum,DC=com",COMP2138-W2024
Virginia,Kasper,Couleas,Virginia.Kasper@adatum.com,VirginiaFKasper@jourrapide.com,1 Georgian Way,Barrie,L4M3X9,ON,Ca,Operations,aeHiil0v,403-821-3490,Adatum,"OU=Operations,DC=adatum,DC=com",COMP2138-W2024
George,Carrington,Prearon,George.Carrington@adatum.com,GeorgeKCarrington@jourrapide.com,1 Georgian Way,Barrie,L4M3X9,ON,Ca,Operations,iteij8Bee,613-398-8451,Adatum,"OU=Operations,DC=adatum,DC=com",COMP2138-W2024
Kenneth,Hoyos,Pubilty,Kenneth.Hoyos@adatum.com,KennethHHoyos@dayrep.com,1 Georgian Way,Barrie,L4M3X9,ON,Ca,Operations,Aeshee9Ai,705-342-8247,Adatum,"OU=Operations,DC=adatum,DC=com",COMP2138-W2024
Jenna,Horn,Andeaptil,Jenna.Horn@adatum.com,JennaGHorn@cuvox.de,1 Georgian Way,Barrie,L4M3X9,ON,Ca,Operations,hooJah8roo0,416-752-0499,Adatum,"OU=Operations,DC=adatum,DC=com",COMP2138-W2024
Mary,Short,Vered1964,Mary.Short@adatum.com,MaryWShort@cuvox.de,1 Georgian Way,Barrie,L4M3X9,ON,Ca,Operations,Diwa0gae0,604-847-4595,Adatum,"OU=Operations,DC=adatum,DC=com",COMP2138-W2024
Robert,Ogilvie,Huglinfely,Robert.Ogilvie@adatum.com,RobertLOgilvie@einrot.com,1 Georgian Way,Barrie,L4M3X9,ON,Ca,Operations,zier6ieSh,519-885-9419,Adatum,"OU=Operations,DC=adatum,DC=com",COMP2138-W2024
Rex,Sylvia,Freardly,Rex.Sylvia@adatum.com,RexTSylvia@jourrapide.com,1 Georgian Way,Barrie,L4M3X9,ON,Ca,Operations,Eih3ie4quaK,403-383-6846,Adatum,"OU=Operations,DC=adatum,DC=com",COMP2138-W2024
John,Elbert,Salight,John.Elbert@adatum.com,JohnFElbert@rhyta.com,1 Georgian Way,Barrie,L4M3X9,ON,Ca,Operations,Ie7gid0th,604-724-5758,Adatum,"OU=Operations,DC=adatum,DC=com",COMP2138-W2024
Stephen,Reynolds,Thationdeas69,Stephen.Reynolds@adatum.com,StephenCReynolds@einrot.com,1 Georgian Way,Barrie,L4M3X9,ON,Ca,Operations,ugha0ca8Die,416-294-3950,Adatum,"OU=Operations,DC=adatum,DC=com",COMP2138-W2024
Paul,Kopp,Upasylat,Paul.Kopp@adatum.com,PaulEKopp@rhyta.com,1 Georgian Way,Barrie,L4M3X9,ON,Ca,Operations,roo3Poh8gie,306-966-1584,Adatum,"OU=Operations,DC=adatum,DC=com",COMP2138-W2024
Christine,Patterson,Andoing,Christine.Patterson@adatum.com,ChristineVPatterson@rhyta.com,1 Georgian Way,Barrie,L4M3X9,ON,Ca,Operations,AngooM3V,905-320-6354,Adatum,"OU=Operations,DC=adatum,DC=com",COMP2138-W2024
Donna,Garcia,Forivento1989,Donna.Garcia@adatum.com,DonnaAGarcia@cuvox.de,1 Georgian Way,Barrie,L4M3X9,ON,Ca,Operations,raetiaTh5,780-925-5246,Adatum,"OU=Operations,DC=adatum,DC=com",COMP2138-W2024
Willie,Rosa,Doevall,Willie.Rosa@adatum.com,WillieRRosa@jourrapide.com,1 Georgian Way,Barrie,L4M3X9,ON,Ca,Operations,Ow6eiDukah,705-235-3244,Adatum,"OU=Operations,DC=adatum,DC=com",COMP2138-W2024
Maxine,Mathis,Colize,Maxine.Mathis@adatum.com,MaxineKMathis@superrito.com,1 Georgian Way,Barrie,L4M3X9,ON,Ca,Operations,aengah6Oh,514-778-2785,Adatum,"OU=Operations,DC=adatum,DC=com",COMP2138-W2024
Sean,Dundas,Thandly,Sean.Dundas@adatum.com,SeanMDundas@cuvox.de,1 Georgian Way,Barrie,L4M3X9,ON,Ca,Operations,shaoFo7Po,403-246-4661,Adatum,"OU=Operations,DC=adatum,DC=com",COMP2138-W2024
Scott,Watkins,Proymentre,Scott.Watkins@adatum.com,ScottKWatkins@rhyta.com,1 Georgian Way,Barrie,L4M3X9,ON,Ca,Operations,deirachuuX1,780-235-6196,Adatum,"OU=Operations,DC=adatum,DC=com",COMP2138-W2024
Gerald,Rakestraw,Werhe2004,Gerald.Rakestraw@adatum.com,GeraldBRakestraw@gustr.com,1 Georgian Way,Barrie,L4M3X9,ON,Ca,Operations,oacai7AeV,519-520-6250,Adatum,"OU=Operations,DC=adatum,DC=com",COMP2138-W2024
Jane,Person,Housband1989,Jane.Person@adatum.com,JaneBPerson@fleckens.hu,1 Georgian Way,Barrie,L4M3X9,ON,Ca,Operations,gae2Ieb5cie,819-625-3005,Adatum,"OU=Operations,DC=adatum,DC=com",COMP2138-W2024
Suzy,Power,Sist1974,Suzy.Power@adatum.com,SuzyCPower@cuvox.de,1 Georgian Way,Barrie,L4M3X9,ON,Ca,Operations,xa4kee2ze3B,819-569-8255,Adatum,"OU=Operations,DC=adatum,DC=com",COMP2138-W2024
William,Kennedy,Himeedid,William.Kennedy@adatum.com,WilliamPKennedy@teleworm.us,1 Georgian Way,Barrie,L4M3X9,ON,Ca,Operations,SaeToo4ae3g,514-865-9027,Adatum,"OU=Operations,DC=adatum,DC=com",COMP2138-W2024
Joshua,Barkley,Sciusurturs,Joshua.Barkley@adatum.com,JoshuaDBarkley@teleworm.us,1 Georgian Way,Barrie,L4M3X9,ON,Ca,Operations,aiPh7Aipiesh,905-835-0207,Adatum,"OU=Operations,DC=adatum,DC=com",COMP2138-W2024
Harriet,Cannon,Wituse,Harriet.Cannon@adatum.com,HarrietDCannon@fleckens.hu,1 Georgian Way,Barrie,L4M3X9,ON,Ca,Operations,duShei2c,780-743-0344,Adatum,"OU=Operations,DC=adatum,DC=com",COMP2138-W2024
Rickey,Anderson,Ingther,Rickey.Anderson@adatum.com,RickeyTAnderson@fleckens.hu,1 Georgian Way,Barrie,L4M3X9,ON,Ca,Operations,laeSei3Ee,780-448-3606,Adatum,"OU=Operations,DC=adatum,DC=com",COMP2138-W2024
April,Chesser,Hask1970,April.Chesser@adatum.com,AprilMChesser@jourrapide.com,1 Georgian Way,Barrie,L4M3X9,ON,Ca,Operations,kuPh6eeVaiD1,613-332-8305,Adatum,"OU=Operations,DC=adatum,DC=com",COMP2138-W2024
Anna,Lazar,Foret1949,Anna.Lazar@adatum.com,AnnaVLazar@cuvox.de,1 Georgian Way,Barrie,L4M3X9,ON,Ca,Operations,Ohs8Lei7,416-362-0230,Adatum,"OU=Operations,DC=adatum,DC=com",COMP2138-W2024
Joyce,Stapleton,Theii1945,Joyce.Stapleton@adatum.com,JoyceFStapleton@dayrep.com,1 Georgian Way,Barrie,L4M3X9,ON,Ca,Operations,alaec6keeHoo,519-925-6501,Adatum,"OU=Operations,DC=adatum,DC=com",COMP2138-W2024
James,Pryor,Goter1955,James.Pryor@adatum.com,JamesNPryor@jourrapide.com,1 Georgian Way,Barrie,L4M3X9,ON,Ca,Operations,Deichua3ath,905-933-8291,Adatum,"OU=Operations,DC=adatum,DC=com",COMP2138-W2024
Javier,Cromer,Supolnester,Javier.Cromer@adatum.com,JavierDCromer@cuvox.de,1 Georgian Way,Barrie,L4M3X9,ON,Ca,Operations,ep4ZeeGee,514-718-4207,Adatum,"OU=Operations,DC=adatum,DC=com",COMP2138-W2024
Ashleigh,Horgan,Hatent,Ashleigh.Horgan@adatum.com,AshleighDHorgan@gustr.com,1 Georgian Way,Barrie,L4M3X9,ON,Ca,Operations,Ieh3too8doi,867-873-2745,Adatum,"OU=Operations,DC=adatum,DC=com",COMP2138-W2024
Jason,Wiley,Comeas,Jason.Wiley@adatum.com,JasonRWiley@jourrapide.com,1 Georgian Way,Barrie,L4M3X9,ON,Ca,Operations,nee3ougeFae,613-875-1215,Adatum,"OU=Operations,DC=adatum,DC=com",COMP2138-W2024
Elyse,Carter,Scoleney,Elyse.Carter@adatum.com,ElyseMCarter@cuvox.de,1 Georgian Way,Barrie,L4M3X9,ON,Ca,Operations,bai1kae5uYo,519-221-4768,Adatum,"OU=Operations,DC=adatum,DC=com",COMP2138-W2024
Jesse,Allen,Whaturest,Jesse.Allen@adatum.com,JesseAAllen@fleckens.hu,1 Georgian Way,Barrie,L4M3X9,ON,Ca,Managers,ohPha9shaet,819-878-6102,Adatum,"OU=Managers,DC=adatum,DC=com",COMP2138-W2024
Rita,Vargas,Wareir1956,Rita.Vargas@adatum.com,RitaEVargas@armyspy.com,1 Georgian Way,Barrie,L4M3X9,ON,Ca,Managers,ceecaeV7ee,778-999-1515,Adatum,"OU=Managers,DC=adatum,DC=com",COMP2138-W2024
Melvin,Sykes,Witention,Melvin.Sykes@adatum.com,MelvinJSykes@jourrapide.com,1 Georgian Way,Barrie,L4M3X9,ON,Ca,Administrative,ahb8uw0Ophah,403-845-0774,Adatum,"OU=Administrative,DC=adatum,DC=com",COMP2138-W2024
Wanda,Gulick,Takedent,Wanda.Gulick@adatum.com,WandaHGulick@fleckens.hu,1 Georgian Way,Barrie,L4M3X9,ON,Ca,Administrative,Xaebeith7v,250-479-5172,Adatum,"OU=Administrative,DC=adatum,DC=com",COMP2138-W2024
Timothy,Henry,Flaved,Timothy.Henry@adatum.com,TimothyGHenry@dayrep.com,1 Georgian Way,Barrie,L4M3X9,ON,Ca,Research,Xohph3nie8,902-552-9406,Adatum,"OU=Research,DC=adatum,DC=com",COMP2138-W2024
Russell,Valentin,Preft1943,Russell.Valentin@adatum.com,RussellJValentin@jourrapide.com,1 Georgian Way,Barrie,L4M3X9,ON,Ca,Research,aiph7aiL9,418-279-7733,Adatum,"OU=Research,DC=adatum,DC=com",COMP2138-W2024
Jason,Smithwick,Sleve1955,Jason.Smithwick@adatum.com,JasonMSmithwick@gustr.com,1 Georgian Way,Barrie,L4M3X9,ON,Ca,Research,Wio2diex,905-692-9655,Adatum,"OU=Research,DC=adatum,DC=com",COMP2138-W2024
Robin,Hyde,Venows,Robin.Hyde@adatum.com,RobinHHyde@superrito.com,1 Georgian Way,Barrie,L4M3X9,ON,Ca,IT,WooQu3ul4ee,519-575-9346,Adatum,"OU=IT,DC=adatum,DC=com",COMP2138-W2024
Esperanza,Cho,Fracks1939,Esperanza.Cho@adatum.com,EsperanzaJCho@fleckens.hu,1 Georgian Way,Barrie,L4M3X9,ON,Ca,IT,ieWe1chei5u,416-714-5954,Adatum,"OU=IT,DC=adatum,DC=com",COMP2138-W2024
Dean,Orozco,Fixied,Dean.Orozco@adatum.com,DeanLOrozco@superrito.com,1 Georgian Way,Barrie,L4M3X9,ON,Ca,IT,eigaeY1eap,306-270-0678,Adatum,"OU=IT,DC=adatum,DC=com",COMP2138-W2024
Jonas,Nichols,Neye1963,Jonas.Nichols@adatum.com,JonasANichols@gustr.com,1 Georgian Way,Barrie,L4M3X9,ON,Ca,IT,AhJeejee0qu,604-788-7392,Adatum,"OU=IT,DC=adatum,DC=com",COMP2138-W2024
Mary,Beller,Wheraill,Mary.Beller@adatum.com,MaryJBeller@superrito.com,1 Georgian Way,Barrie,L4M3X9,ON,Ca,Operations,koeki5thooQu,613-342-8560,Adatum,"OU=Operations,DC=adatum,DC=com",COMP2138-W2024
Blossom,Thompson,Wasill,Blossom.Thompson@adatum.com,BlossomCThompson@dayrep.com,1 Georgian Way,Barrie,L4M3X9,ON,Ca,Operations,eiVei6wuci,403-344-5271,Adatum,"OU=Operations,DC=adatum,DC=com",COMP2138-W2024
John,Stjohn,Shaterinew,John.Stjohn@adatum.com,JohnRStjohn@einrot.com,1 Georgian Way,Barrie,L4M3X9,ON,Ca,Operations,uud6Oomah0,780-624-5063,Adatum,"OU=Operations,DC=adatum,DC=com",COMP2138-W2024
Maria,Page,Chaketherver,Maria.Page@adatum.com,MariaJPage@fleckens.hu,1 Georgian Way,Barrie,L4M3X9,ON,Ca,Operations,Ootheepoo3,306-364-6067,Adatum,"OU=Operations,DC=adatum,DC=com",COMP2138-W2024
Jessie,Judd,Nottlentimen,Jessie.Judd@adatum.com,JessieTJudd@einrot.com,1 Georgian Way,Barrie,L4M3X9,ON,Ca,Operations,ua6Phae8oo,604-309-1271,Adatum,"OU=Operations,DC=adatum,DC=com",COMP2138-W2024
Lillian,Bothwell,Duard1964,Lillian.Bothwell@adatum.com,LillianMBothwell@superrito.com,1 Georgian Way,Barrie,L4M3X9,ON,Ca,Operations,Xae8aiV5h,705-472-3791,Adatum,"OU=Operations,DC=adatum,DC=com",COMP2138-W2024
Elvin,Perez,Ofuld1974,Elvin.Perez@adatum.com,ElvinVPerez@einrot.com,1 Georgian Way,Barrie,L4M3X9,ON,Ca,Operations,ahth3laeMae,905-779-5390,Adatum,"OU=Operations,DC=adatum,DC=com",COMP2138-W2024
Kenneth,Mele,Disser56,Kenneth.Mele@adatum.com,KennethSMele@jourrapide.com,1 Georgian Way,Barrie,L4M3X9,ON,Ca,Operations,he4Xae6kie,416-243-6365,Adatum,"OU=Operations,DC=adatum,DC=com",COMP2138-W2024
Bobby,Sample,Fricul,Bobby.Sample@adatum.com,BobbyESample@teleworm.us,1 Georgian Way,Barrie,L4M3X9,ON,Ca,Operations,foi7Leer3f,306-394-4390,Adatum,"OU=Operations,DC=adatum,DC=com",COMP2138-W2024
Richard,Clemons,Edworgens,Richard.Clemons@adatum.com,RichardNClemons@teleworm.us,1 Georgian Way,Barrie,L4M3X9,ON,Ca,Operations,eiSuav0d,604-421-9810,Adatum,"OU=Operations,DC=adatum,DC=com",COMP2138-W2024
Lillian,Bentz,Ruen1994,Lillian.Bentz@adatum.com,LillianCBentz@dayrep.com,1 Georgian Way,Barrie,L4M3X9,ON,Ca,Operations,fohp4uu5Ei,705-380-8551,Adatum,"OU=Operations,DC=adatum,DC=com",COMP2138-W2024
George,Jones,Hanty1986,George.Jones@adatum.com,GeorgeHJones@einrot.com,1 Georgian Way,Barrie,L4M3X9,ON,Ca,Operations,Eiw1xaiquae,418-576-1744,Adatum,"OU=Operations,DC=adatum,DC=com",COMP2138-W2024
Harry,Lamb,Sainere,Harry.Lamb@adatum.com,HarryBLamb@teleworm.us,1 Georgian Way,Barrie,L4M3X9,ON,Ca,Operations,Soogh7aingoiqu,450-619-9771,Adatum,"OU=Operations,DC=adatum,DC=com",COMP2138-W2024
Sandra,Toothman,Eatentsen,Sandra.Toothman@adatum.com,SandraAToothman@einrot.com,1 Georgian Way,Barrie,L4M3X9,ON,Ca,Operations,Omiezel9Ei,403-561-5709,Adatum,"OU=Operations,DC=adatum,DC=com",COMP2138-W2024
Mary,Miller,Turnis,Mary.Miller@adatum.com,MaryCMiller@superrito.com,1 Georgian Way,Barrie,L4M3X9,ON,Ca,Operations,iashu2Cho5l,780-322-6670,Adatum,"OU=Operations,DC=adatum,DC=com",COMP2138-W2024
Wanda,Diaz,Forch1980,Wanda.Diaz@adatum.com,WandaADiaz@einrot.com,1 Georgian Way,Barrie,L4M3X9,ON,Ca,Operations,Oa6aiMaiM4oz,819-469-0213,Adatum,"OU=Operations,DC=adatum,DC=com",COMP2138-W2024
Peter,May,Wimplende75,Peter.May@adatum.com,PeterKMay@gustr.com,1 Georgian Way,Barrie,L4M3X9,ON,Ca,Operations,Au5uir9ch,613-484-8723,Adatum,"OU=Operations,DC=adatum,DC=com",COMP2138-W2024
Rick,Roman,Wholed,Rick.Roman@adatum.com,RickARoman@gustr.com,1 Georgian Way,Barrie,L4M3X9,ON,Ca,Operations,Rie7boo0,905-435-4843,Adatum,"OU=Operations,DC=adatum,DC=com",COMP2138-W2024
Heike,Goulart,Bril2002,Heike.Goulart@adatum.com,HeikeTGoulart@fleckens.hu,1 Georgian Way,Barrie,L4M3X9,ON,Ca,Operations,caiRaipah4,250-960-1305,Adatum,"OU=Operations,DC=adatum,DC=com",COMP2138-W2024
Charles,Booth,Yousely,Charles.Booth@adatum.com,CharlesLBooth@armyspy.com,1 Georgian Way,Barrie,L4M3X9,ON,Ca,Operations,oZ6seijo0,780-622-1777,Adatum,"OU=Operations,DC=adatum,DC=com",COMP2138-W2024
Hannah,Hunter,Dening,Hannah.Hunter@adatum.com,HannahGHunter@fleckens.hu,1 Georgian Way,Barrie,L4M3X9,ON,Ca,Operations,eiS8ohboolah,416-730-4304,Adatum,"OU=Operations,DC=adatum,DC=com",COMP2138-W2024
Odis,Jones,Saws1954,Odis.Jones@adatum.com,OdisMJones@fleckens.hu,1 Georgian Way,Barrie,L4M3X9,ON,Ca,Operations,daezahD4,905-449-4267,Adatum,"OU=Operations,DC=adatum,DC=com",COMP2138-W2024
Renee,Marrs,Rawarke,Renee.Marrs@adatum.com,ReneeMMarrs@superrito.com,1 Georgian Way,Barrie,L4M3X9,ON,Ca,Operations,oNeG6cheu,403-205-4225,Adatum,"OU=Operations,DC=adatum,DC=com",COMP2138-W2024
Cara,Yeh,Thostan59,Cara.Yeh@adatum.com,CaraWYeh@gustr.com,1 Georgian Way,Barrie,L4M3X9,ON,Ca,Operations,tai3Pi5Nok,613-298-0833,Adatum,"OU=Operations,DC=adatum,DC=com",COMP2138-W2024
Terry,Babich,Derithe,Terry.Babich@adatum.com,TerryABabich@dayrep.com,1 Georgian Way,Barrie,L4M3X9,ON,Ca,Operations,mooGooxu3IX,289-213-3595,Adatum,"OU=Operations,DC=adatum,DC=com",COMP2138-W2024
Kenneth,Campos,Mincerety,Kenneth.Campos@adatum.com,KennethCCampos@einrot.com,1 Georgian Way,Barrie,L4M3X9,ON,Ca,Operations,Die8ashah,403-529-1799,Adatum,"OU=Operations,DC=adatum,DC=com",COMP2138-W2024
William,Silvia,Youngold,William.Silvia@adatum.com,WilliamVSilvia@superrito.com,1 Georgian Way,Barrie,L4M3X9,ON,Ca,Operations,eihitiX7A,403-613-0667,Adatum,"OU=Operations,DC=adatum,DC=com",COMP2138-W2024
Ophelia,Buffington,Sheyesseet50,Ophelia.Buffington@adatum.com,OpheliaTBuffington@einrot.com,1 Georgian Way,Barrie,L4M3X9,ON,Ca,Operations,Aen6Vieph,250-709-7667,Adatum,"OU=Operations,DC=adatum,DC=com",COMP2138-W2024
Michael,Schaffer,Derry1981,Michael.Schaffer@adatum.com,MichaelKSchaffer@teleworm.us,1 Georgian Way,Barrie,L4M3X9,ON,Ca,Operations,Uphivah4da,514-755-5860,Adatum,"OU=Operations,DC=adatum,DC=com",COMP2138-W2024
Vincent,Green,Fement,Vincent.Green@adatum.com,VincentSGreen@rhyta.com,1 Georgian Way,Barrie,L4M3X9,ON,Ca,Operations,Sha9aceef,306-586-2443,Adatum,"OU=Operations,DC=adatum,DC=com",COMP2138-W2024
Almeta,Putnam,Pribill1964,Almeta.Putnam@adatum.com,AlmetaGPutnam@superrito.com,1 Georgian Way,Barrie,L4M3X9,ON,Ca,Operations,chiuqu5eeBee,709-530-5947,Adatum,"OU=Operations,DC=adatum,DC=com",COMP2138-W2024
Dedra,Lee,Earde1985,Dedra.Lee@adatum.com,DedraCLee@cuvox.de,1 Georgian Way,Barrie,L4M3X9,ON,Ca,Operations,ood3Cahsoh,416-306-1969,Adatum,"OU=Operations,DC=adatum,DC=com",COMP2138-W2024
Louise,Colon,Tening40,Louise.Colon@adatum.com,LouiseTColon@superrito.com,1 Georgian Way,Barrie,L4M3X9,ON,Ca,Managers,eeveZiec6n,780-848-6917,Adatum,"OU=Managers,DC=adatum,DC=com",COMP2138-W2024
Clarice,Lichtenstein,Aloost42,Clarice.Lichtenstein@adatum.com,ClariceCLichtenstein@superrito.com,1 Georgian Way,Barrie,L4M3X9,ON,Ca,Managers,bushohL3ea2,403-850-9863,Adatum,"OU=Managers,DC=adatum,DC=com",COMP2138-W2024
Patrick,Greenberg,Madid1988,Patrick.Greenberg@adatum.com,PatrickJGreenberg@rhyta.com,1 Georgian Way,Barrie,L4M3X9,ON,Ca,Administrative,kohh2ieH7o,514-386-1793,Adatum,"OU=Administrative,DC=adatum,DC=com",COMP2138-W2024
Jerri,Maxwell,Thard1940,Jerri.Maxwell@adatum.com,JerriMMaxwell@jourrapide.com,1 Georgian Way,Barrie,L4M3X9,ON,Ca,Administrative,Neix5fong9,416-783-3013,Adatum,"OU=Administrative,DC=adatum,DC=com",COMP2138-W2024
Melvin,Bjork,Exes1985,Melvin.Bjork@adatum.com,MelvinABjork@rhyta.com,1 Georgian Way,Barrie,L4M3X9,ON,Ca,Research,fi0Ushing5aih,416-565-4443,Adatum,"OU=Research,DC=adatum,DC=com",COMP2138-W2024
Robert,Cipriani,Pospind,Robert.Cipriani@adatum.com,RobertCCipriani@teleworm.us,1 Georgian Way,Barrie,L4M3X9,ON,Ca,Research,Fie4Bai6F,403-809-4839,Adatum,"OU=Research,DC=adatum,DC=com",COMP2138-W2024
Freddie,Hood,Geopenceed1952,Freddie.Hood@adatum.com,FreddieWHood@cuvox.de,1 Georgian Way,Barrie,L4M3X9,ON,Ca,Research,eeWae5zoo6,416-467-4261,Adatum,"OU=Research,DC=adatum,DC=com",COMP2138-W2024
Michael,Nix,Vichimen,Michael.Nix@adatum.com,MichaelSNix@cuvox.de,1 Georgian Way,Barrie,L4M3X9,ON,Ca,IT,OS0Ooz9Iej,604-877-7996,Adatum,"OU=IT,DC=adatum,DC=com",COMP2138-W2024
Hunter,McGrath,Hadight,Hunter.McGrath@adatum.com,HunterCMcGrath@gustr.com,1 Georgian Way,Barrie,L4M3X9,ON,Ca,IT,oi2oePesoong,416-256-2794,Adatum,"OU=IT,DC=adatum,DC=com",COMP2138-W2024
Helen,Bell,Thadet1998,Helen.Bell@adatum.com,HelenSBell@teleworm.us,1 Georgian Way,Barrie,L4M3X9,ON,Ca,IT,gaiDohh7R,902-576-0180,Adatum,"OU=IT,DC=adatum,DC=com",COMP2138-W2024
James,Hunter,Amittels,James.Hunter@adatum.com,JamesFHunter@fleckens.hu,1 Georgian Way,Barrie,L4M3X9,ON,Ca,IT,Er5od1ee,905-356-0140,Adatum,"OU=IT,DC=adatum,DC=com",COMP2138-W2024
Ann,Tucker,Hisom1960,Ann.Tucker@adatum.com,AnnATucker@fleckens.hu,1 Georgian Way,Barrie,L4M3X9,ON,Ca,Operations,eveiY5oun,416-813-4561,Adatum,"OU=Operations,DC=adatum,DC=com",COMP2138-W2024
Arnold,Ellingson,Succall,Arnold.Ellingson@adatum.com,ArnoldMEllingson@dayrep.com,1 Georgian Way,Barrie,L4M3X9,ON,Ca,Operations,shu9UveWie,403-526-1067,Adatum,"OU=Operations,DC=adatum,DC=com",COMP2138-W2024
Brandy,Thompson,Wasee1972,Brandy.Thompson@adatum.com,BrandyRThompson@armyspy.com,1 Georgian Way,Barrie,L4M3X9,ON,Ca,Operations,ovei5gaeQu,705-760-4153,Adatum,"OU=Operations,DC=adatum,DC=com",COMP2138-W2024
Amy,Gross,Gureque,Amy.Gross@adatum.com,AmySGross@einrot.com,1 Georgian Way,Barrie,L4M3X9,ON,Ca,Operations,neechie7IeW,902-640-4098,Adatum,"OU=Operations,DC=adatum,DC=com",COMP2138-W2024
Fred,Trujillo,Givedisming,Fred.Trujillo@adatum.com,FredITrujillo@superrito.com,1 Georgian Way,Barrie,L4M3X9,ON,Ca,Operations,eree8Ieth,403-234-6980,Adatum,"OU=Operations,DC=adatum,DC=com",COMP2138-W2024
John,Gale,Surmay,John.Gale@adatum.com,JohnGGale@superrito.com,1 Georgian Way,Barrie,L4M3X9,ON,Ca,Operations,iYohfia3ee,705-238-2343,Adatum,"OU=Operations,DC=adatum,DC=com",COMP2138-W2024
Jennifer,Jones,Thadingthad,Jennifer.Jones@adatum.com,JenniferTJones@superrito.com,1 Georgian Way,Barrie,L4M3X9,ON,Ca,Operations,li3OuV9laiy,416-485-2397,Adatum,"OU=Operations,DC=adatum,DC=com",COMP2138-W2024
Melissa,Rodriguez,Nowers,Melissa.Rodriguez@adatum.com,MelissaWRodriguez@einrot.com,1 Georgian Way,Barrie,L4M3X9,ON,Ca,Operations,Tevesh9koo,418-720-2034,Adatum,"OU=Operations,DC=adatum,DC=com",COMP2138-W2024
Jenifer,Banks,Lour1990,Jenifer.Banks@adatum.com,JeniferRBanks@rhyta.com,1 Georgian Way,Barrie,L4M3X9,ON,Ca,Operations,tih0hieme8U,519-861-4908,Adatum,"OU=Operations,DC=adatum,DC=com",COMP2138-W2024
Carmen,Greene,Diander,Carmen.Greene@adatum.com,CarmenDGreene@armyspy.com,1 Georgian Way,Barrie,L4M3X9,ON,Ca,Operations,eg3EiBaej,514-235-0991,Adatum,"OU=Operations,DC=adatum,DC=com",COMP2138-W2024
Elise,Williams,Dusted,Elise.Williams@adatum.com,EliseGWilliams@superrito.com,1 Georgian Way,Barrie,L4M3X9,ON,Ca,Operations,chie1ohW,604-663-0425,Adatum,"OU=Operations,DC=adatum,DC=com",COMP2138-W2024
Mae,Rister,Havour,Mae.Rister@adatum.com,MaeJRister@teleworm.us,1 Georgian Way,Barrie,L4M3X9,ON,Ca,Operations,ahRee7shogh,613-791-4607,Adatum,"OU=Operations,DC=adatum,DC=com",COMP2138-W2024
James,Scarborough,Thright,James.Scarborough@adatum.com,JamesCScarborough@einrot.com,1 Georgian Way,Barrie,L4M3X9,ON,Ca,Operations,loyiis2Que,416-254-8690,Adatum,"OU=Operations,DC=adatum,DC=com",COMP2138-W2024
Ronald,Simmons,Themerike,Ronald.Simmons@adatum.com,RonaldVSimmons@dayrep.com,1 Georgian Way,Barrie,L4M3X9,ON,Ca,Operations,Yu8lain5vi,780-904-5729,Adatum,"OU=Operations,DC=adatum,DC=com",COMP2138-W2024
Timothy,Wherry,Versuffe,Timothy.Wherry@adatum.com,TimothyTWherry@armyspy.com,1 Georgian Way,Barrie,L4M3X9,ON,Ca,Operations,ohv1xahP4,705-757-7322,Adatum,"OU=Operations,DC=adatum,DC=com",COMP2138-W2024
Edward,Lawrence,Thaverever,Edward.Lawrence@adatum.com,EdwardSLawrence@armyspy.com,1 Georgian Way,Barrie,L4M3X9,ON,Ca,Operations,Eitae5weaqu,705-735-4396,Adatum,"OU=Operations,DC=adatum,DC=com",COMP2138-W2024
Jennifer,Cusick,Neverfunuty,Jennifer.Cusick@adatum.com,JenniferACusick@jourrapide.com,1 Georgian Way,Barrie,L4M3X9,ON,Ca,Operations,hahKaing6,780-351-0509,Adatum,"OU=Operations,DC=adatum,DC=com",COMP2138-W2024
Sophie,Gallegos,Grentrold,Sophie.Gallegos@adatum.com,SophieRGallegos@dayrep.com,1 Georgian Way,Barrie,L4M3X9,ON,Ca,Operations,OWae4aiP,250-573-3785,Adatum,"OU=Operations,DC=adatum,DC=com",COMP2138-W2024
Ruth,Hogue,Thervelp1996,Ruth.Hogue@adatum.com,RuthJHogue@cuvox.de,1 Georgian Way,Barrie,L4M3X9,ON,Ca,Operations,Inoaghee4,514-773-2980,Adatum,"OU=Operations,DC=adatum,DC=com",COMP2138-W2024
James,Hewitt,Sithereony,James.Hewitt@adatum.com,JamesHHewitt@einrot.com,1 Georgian Way,Barrie,L4M3X9,ON,Ca,Operations,Saib9wee,403-609-3039,Adatum,"OU=Operations,DC=adatum,DC=com",COMP2138-W2024
Robert,Williams,Clork1944,Robert.Williams@adatum.com,RobertPWilliams@fleckens.hu,1 Georgian Way,Barrie,L4M3X9,ON,Ca,Operations,no0oghuVe,905-943-0870,Adatum,"OU=Operations,DC=adatum,DC=com",COMP2138-W2024
Louis,Roberts,Ittes1944,Louis.Roberts@adatum.com,LouisMRoberts@armyspy.com,1 Georgian Way,Barrie,L4M3X9,ON,Ca,Operations,yee1IeLahshah,604-682-8845,Adatum,"OU=Operations,DC=adatum,DC=com",COMP2138-W2024
Margaret,Crane,Apocumpeat,Margaret.Crane@adatum.com,MargaretFCrane@jourrapide.com,1 Georgian Way,Barrie,L4M3X9,ON,Ca,Operations,xeF3thae,604-852-7865,Adatum,"OU=Operations,DC=adatum,DC=com",COMP2138-W2024
Dale,Wilson,Noce1966,Dale.Wilson@adatum.com,DaleMWilson@einrot.com,1 Georgian Way,Barrie,L4M3X9,ON,Ca,Operations,yai5Oori5ai,613-347-7363,Adatum,"OU=Operations,DC=adatum,DC=com",COMP2138-W2024
Arthur,Ried,Witimpen,Arthur.Ried@adatum.com,ArthurRRied@superrito.com,1 Georgian Way,Barrie,L4M3X9,ON,Ca,Operations,bah4quieGoo,807-487-5742,Adatum,"OU=Operations,DC=adatum,DC=com",COMP2138-W2024
Tammy,Allen,Lausithe,Tammy.Allen@adatum.com,TammyRAllen@gustr.com,1 Georgian Way,Barrie,L4M3X9,ON,Ca,Operations,ohga7OVeidu,250-490-8301,Adatum,"OU=Operations,DC=adatum,DC=com",COMP2138-W2024
Raymond,Christiansen,Torepto,Raymond.Christiansen@adatum.com,RaymondDChristiansen@cuvox.de,1 Georgian Way,Barrie,L4M3X9,ON,Ca,Operations,Voh5aelae,306-441-5465,Adatum,"OU=Operations,DC=adatum,DC=com",COMP2138-W2024
Amy,Hawkins,Theridly,Amy.Hawkins@adatum.com,AmyKHawkins@jourrapide.com,1 Georgian Way,Barrie,L4M3X9,ON,Ca,Operations,eiNee1ee,604-677-1159,Adatum,"OU=Operations,DC=adatum,DC=com",COMP2138-W2024
Melvin,Cruz,Versuffe1990,Melvin.Cruz@adatum.com,MelvinACruz@cuvox.de,1 Georgian Way,Barrie,L4M3X9,ON,Ca,Operations,Up1ein3eij,604-444-6141,Adatum,"OU=Operations,DC=adatum,DC=com",COMP2138-W2024
Julie,Hanson,Antarld,Julie.Hanson@adatum.com,JulieNHanson@einrot.com,1 Georgian Way,Barrie,L4M3X9,ON,Ca,Operations,reeJ1Riid,416-560-8249,Adatum,"OU=Operations,DC=adatum,DC=com",COMP2138-W2024
Diane,Henderson,Buirl1946,Diane.Henderson@adatum.com,DianeDHenderson@einrot.com,1 Georgian Way,Barrie,L4M3X9,ON,Ca,Operations,ish5thahSh5,780-903-8365,Adatum,"OU=Operations,DC=adatum,DC=com",COMP2138-W2024
Lawanda,Boyles,Egglaity,Lawanda.Boyles@adatum.com,LawandaBBoyles@superrito.com,1 Georgian Way,Barrie,L4M3X9,ON,Ca,Operations,Aer9mie9IeCa,604-538-7482,Adatum,"OU=Operations,DC=adatum,DC=com",COMP2138-W2024
Daniel,Segers,Exclore,Daniel.Segers@adatum.com,DanielKSegers@gustr.com,1 Georgian Way,Barrie,L4M3X9,ON,Ca,Managers,gee2eeGh,250-496-6607,Adatum,"OU=Managers,DC=adatum,DC=com",COMP2138-W2024
Patrick,Wang,Seellive,Patrick.Wang@adatum.com,PatrickSWang@teleworm.us,1 Georgian Way,Barrie,L4M3X9,ON,Ca,Managers,iangeej5R,306-766-6950,Adatum,"OU=Managers,DC=adatum,DC=com",COMP2138-W2024
Leland,Knipe,Momption,Leland.Knipe@adatum.com,LelandHKnipe@jourrapide.com,1 Georgian Way,Barrie,L4M3X9,ON,Ca,Administrative,keiPae3pee,819-426-3647,Adatum,"OU=Administrative,DC=adatum,DC=com",COMP2138-W2024
Robert,Valenzuela,Yousiside,Robert.Valenzuela@adatum.com,RobertCValenzuela@einrot.com,1 Georgian Way,Barrie,L4M3X9,ON,Ca,Administrative,voobeeX7T,418-279-8882,Adatum,"OU=Administrative,DC=adatum,DC=com",COMP2138-W2024
Carolyn,Willis,Ockywhe,Carolyn.Willis@adatum.com,CarolynJWillis@dayrep.com,1 Georgian Way,Barrie,L4M3X9,ON,Ca,Research,Iqu5EjiSu5h,807-928-1437,Adatum,"OU=Research,DC=adatum,DC=com",COMP2138-W2024
Kevin,Pierce,Spose1993,Kevin.Pierce@adatum.com,KevinAPierce@dayrep.com,1 Georgian Way,Barrie,L4M3X9,ON,Ca,Research,Ooph1gei9,780-865-6393,Adatum,"OU=Research,DC=adatum,DC=com",COMP2138-W2024
Loren,Williams,Froved1941,Loren.Williams@adatum.com,LorenMWilliams@rhyta.com,1 Georgian Way,Barrie,L4M3X9,ON,Ca,Research,Wah6uha1xi,819-806-2624,Adatum,"OU=Research,DC=adatum,DC=com",COMP2138-W2024
Christine,Champine,Cumeartand,Christine.Champine@adatum.com,ChristineKChampine@rhyta.com,1 Georgian Way,Barrie,L4M3X9,ON,Ca,IT,Io3faebeix,613-298-1257,Adatum,"OU=IT,DC=adatum,DC=com",COMP2138-W2024
Jodi,Phifer,Quat1952,Jodi.Phifer@adatum.com,JodiTPhifer@armyspy.com,1 Georgian Way,Barrie,L4M3X9,ON,Ca,IT,quieXaet4w,780-847-3203,Adatum,"OU=IT,DC=adatum,DC=com",COMP2138-W2024
Tina,Strickland,Cament2003,Tina.Strickland@adatum.com,TinaRStrickland@gustr.com,1 Georgian Way,Barrie,L4M3X9,ON,Ca,IT,Roh1ge2ah,613-657-3428,Adatum,"OU=IT,DC=adatum,DC=com",COMP2138-W2024
Kelli,Hicks,Youreave,Kelli.Hicks@adatum.com,KelliMHicks@teleworm.us,1 Georgian Way,Barrie,L4M3X9,ON,Ca,IT,Aep4chie2,418-841-1018,Adatum,"OU=IT,DC=adatum,DC=com",COMP2138-W2024
David,Covert,Saund1964,David.Covert@adatum.com,DavidSCovert@teleworm.us,1 Georgian Way,Barrie,L4M3X9,ON,Ca,Operations,be9aiNg7ka1,519-293-7445,Adatum,"OU=Operations,DC=adatum,DC=com",COMP2138-W2024
Elizabeth,Collins,Hourlind,Elizabeth.Collins@adatum.com,ElizabethMCollins@dayrep.com,1 Georgian Way,Barrie,L4M3X9,ON,Ca,Operations,Aef6Xi0d,250-415-9053,Adatum,"OU=Operations,DC=adatum,DC=com",COMP2138-W2024
Luella,Richerson,Dentmaged,Luella.Richerson@adatum.com,LuellaMRicherson@dayrep.com,1 Georgian Way,Barrie,L4M3X9,ON,Ca,Operations,uyaey8Boo0ph,519-621-9448,Adatum,"OU=Operations,DC=adatum,DC=com",COMP2138-W2024
Martin,Anderson,Hasuld,Martin.Anderson@adatum.com,MartinBAnderson@rhyta.com,1 Georgian Way,Barrie,L4M3X9,ON,Ca,Operations,oR9geiy2oo,416-300-6153,Adatum,"OU=Operations,DC=adatum,DC=com",COMP2138-W2024
Jena,Russel,Whers1952,Jena.Russel@adatum.com,JenaCRussel@armyspy.com,1 Georgian Way,Barrie,L4M3X9,ON,Ca,Operations,Tief0taeng,905-494-9624,Adatum,"OU=Operations,DC=adatum,DC=com",COMP2138-W2024
Judith,Prather,Extration,Judith.Prather@adatum.com,JudithRPrather@teleworm.us,1 Georgian Way,Barrie,L4M3X9,ON,Ca,Operations,ri2eeThei,306-222-6028,Adatum,"OU=Operations,DC=adatum,DC=com",COMP2138-W2024
Sharon,Garcia,Offesing,Sharon.Garcia@adatum.com,SharonJGarcia@teleworm.us,1 Georgian Way,Barrie,L4M3X9,ON,Ca,Operations,oocahLoh8,902-669-2321,Adatum,"OU=Operations,DC=adatum,DC=com",COMP2138-W2024
Marilyn,Limon,Voill1952,Marilyn.Limon@adatum.com,MarilynJLimon@rhyta.com,1 Georgian Way,Barrie,L4M3X9,ON,Ca,Operations,hoo4Ue1hei,902-368-5502,Adatum,"OU=Operations,DC=adatum,DC=com",COMP2138-W2024
Robert,Belmonte,Alat1944,Robert.Belmonte@adatum.com,RobertDBelmonte@dayrep.com,1 Georgian Way,Barrie,L4M3X9,ON,Ca,Operations,Me9taex2oh,613-207-1900,Adatum,"OU=Operations,DC=adatum,DC=com",COMP2138-W2024
Todd,Crockett,Hisell,Todd.Crockett@adatum.com,ToddDCrockett@armyspy.com,1 Georgian Way,Barrie,L4M3X9,ON,Ca,Operations,vieHoog8,807-957-8069,Adatum,"OU=Operations,DC=adatum,DC=com",COMP2138-W2024
Maribel,Pletcher,Walathever,Maribel.Pletcher@adatum.com,MaribelBPletcher@teleworm.us,1 Georgian Way,Barrie,L4M3X9,ON,Ca,Operations,Av1Sawee,514-713-5835,Adatum,"OU=Operations,DC=adatum,DC=com",COMP2138-W2024
Andrew,Ransom,Dautly,Andrew.Ransom@adatum.com,AndrewKRansom@superrito.com,1 Georgian Way,Barrie,L4M3X9,ON,Ca,Operations,tahr2fooPh,506-471-7506,Adatum,"OU=Operations,DC=adatum,DC=com",COMP2138-W2024
Lynnette,Hancock,Happold,Lynnette.Hancock@adatum.com,LynnetteAHancock@einrot.com,1 Georgian Way,Barrie,L4M3X9,ON,Ca,Operations,eixieyo9Voo,403-203-0043,Adatum,"OU=Operations,DC=adatum,DC=com",COMP2138-W2024
Catherine,Ramirez,Woms1939,Catherine.Ramirez@adatum.com,CatherineMRamirez@einrot.com,1 Georgian Way,Barrie,L4M3X9,ON,Ca,Operations,roos9ieDaH,403-851-0148,Adatum,"OU=Operations,DC=adatum,DC=com",COMP2138-W2024
Carmen,Foxworth,Ouster,Carmen.Foxworth@adatum.com,CarmenDFoxworth@jourrapide.com,1 Georgian Way,Barrie,L4M3X9,ON,Ca,Operations,IeT4wiexo7,416-909-5028,Adatum,"OU=Operations,DC=adatum,DC=com",COMP2138-W2024
Denise,Arterburn,Wasies,Denise.Arterburn@adatum.com,DeniseJArterburn@fleckens.hu,1 Georgian Way,Barrie,L4M3X9,ON,Ca,Operations,OhHotijah8x,514-513-7739,Adatum,"OU=Operations,DC=adatum,DC=com",COMP2138-W2024
Angela,Roberson,Preselle1983,Angela.Roberson@adatum.com,AngelaCRoberson@gustr.com,1 Georgian Way,Barrie,L4M3X9,ON,Ca,Operations,eim0aiKee,705-749-8363,Adatum,"OU=Operations,DC=adatum,DC=com",COMP2138-W2024
Ken,Dodrill,Kire1976,Ken.Dodrill@adatum.com,KenJDodrill@fleckens.hu,1 Georgian Way,Barrie,L4M3X9,ON,Ca,Operations,ailemai3Ie,418-423-7382,Adatum,"OU=Operations,DC=adatum,DC=com",COMP2138-W2024
Guy,Hubbard,Docklinew,Guy.Hubbard@adatum.com,GuyHHubbard@rhyta.com,1 Georgian Way,Barrie,L4M3X9,ON,Ca,Operations,aejoe2Mei2,403-232-5747,Adatum,"OU=Operations,DC=adatum,DC=com",COMP2138-W2024
Mary,Bridgers,Beepand,Mary.Bridgers@adatum.com,MaryBBridgers@gustr.com,1 Georgian Way,Barrie,L4M3X9,ON,Ca,Operations,ioWieh5ee,250-998-1311,Adatum,"OU=Operations,DC=adatum,DC=com",COMP2138-W2024
Christopher,Lloyd,Nuthe2003,Christopher.Lloyd@adatum.com,ChristopherALloyd@teleworm.us,1 Georgian Way,Barrie,L4M3X9,ON,Ca,Operations,luVooFu5ai,250-271-0858,Adatum,"OU=Operations,DC=adatum,DC=com",COMP2138-W2024
Shasta,Arias,Rehaddeed,Shasta.Arias@adatum.com,ShastaSArias@armyspy.com,1 Georgian Way,Barrie,L4M3X9,ON,Ca,Operations,ChaiY7Ziech,705-835-3503,Adatum,"OU=Operations,DC=adatum,DC=com",COMP2138-W2024
Irma,Bennett,Boady1971,Irma.Bennett@adatum.com,IrmaLBennett@fleckens.hu,1 Georgian Way,Barrie,L4M3X9,ON,Ca,Operations,AhNg0bieZu,705-844-4958,Adatum,"OU=Operations,DC=adatum,DC=com",COMP2138-W2024
Nancy,Hixon,Thaposts,Nancy.Hixon@adatum.com,NancyAHixon@einrot.com,1 Georgian Way,Barrie,L4M3X9,ON,Ca,Operations,Ay0Enohk,514-585-8859,Adatum,"OU=Operations,DC=adatum,DC=com",COMP2138-W2024
Maria,Williams,Twerefy,Maria.Williams@adatum.com,MariaAWilliams@dayrep.com,1 Georgian Way,Barrie,L4M3X9,ON,Ca,Operations,shaYeiL2ae,250-208-1919,Adatum,"OU=Operations,DC=adatum,DC=com",COMP2138-W2024
Charles,Behr,Spatim,Charles.Behr@adatum.com,CharlesTBehr@superrito.com,1 Georgian Way,Barrie,L4M3X9,ON,Ca,Operations,ieShee8ha4e,613-920-9152,Adatum,"OU=Operations,DC=adatum,DC=com",COMP2138-W2024
Roy,Luellen,Coutionizies,Roy.Luellen@adatum.com,RoyILuellen@armyspy.com,1 Georgian Way,Barrie,L4M3X9,ON,Ca,Operations,aN6ooph4ei,403-398-8581,Adatum,"OU=Operations,DC=adatum,DC=com",COMP2138-W2024
Debbie,Madden,Avery1979,Debbie.Madden@adatum.com,DebbieWMadden@gustr.com,1 Georgian Way,Barrie,L4M3X9,ON,Ca,Operations,siequ4Beovai,519-739-9094,Adatum,"OU=Operations,DC=adatum,DC=com",COMP2138-W2024
John,Crain,Talocks,John.Crain@adatum.com,JohnACrain@fleckens.hu,1 Georgian Way,Barrie,L4M3X9,ON,Ca,Operations,wiehahj7J,780-779-4566,Adatum,"OU=Operations,DC=adatum,DC=com",COMP2138-W2024
Bryan,Ferguson,Courecity,Bryan.Ferguson@adatum.com,BryanMFerguson@rhyta.com,1 Georgian Way,Barrie,L4M3X9,ON,Ca,Operations,ieh7zu6uVoh,647-880-8288,Adatum,"OU=Operations,DC=adatum,DC=com",COMP2138-W2024
Shannon,Ward,Therling00,Shannon.Ward@adatum.com,ShannonAWard@dayrep.com,1 Georgian Way,Barrie,L4M3X9,ON,Ca,Operations,yado0Eish5j,416-794-4928,Adatum,"OU=Operations,DC=adatum,DC=com",COMP2138-W2024
Cheryl,Broussard,Haord1987,Cheryl.Broussard@adatum.com,CherylCBroussard@teleworm.us,1 Georgian Way,Barrie,L4M3X9,ON,Ca,Operations,Zuotu0ph,519-836-6332,Adatum,"OU=Operations,DC=adatum,DC=com",COMP2138-W2024
Ladonna,Kaufman,Thessavout,Ladonna.Kaufman@adatum.com,LadonnaJKaufman@superrito.com,1 Georgian Way,Barrie,L4M3X9,ON,Ca,Managers,chee6En8gae,519-271-9463,Adatum,"OU=Managers,DC=adatum,DC=com",COMP2138-W2024
Francis,Holland,Officust1946,Francis.Holland@adatum.com,FrancisMHolland@gustr.com,1 Georgian Way,Barrie,L4M3X9,ON,Ca,Managers,gi8Kie9ae,450-560-8440,Adatum,"OU=Managers,DC=adatum,DC=com",COMP2138-W2024
Dorothy,Eagle,Beither,Dorothy.Eagle@adatum.com,DorothyAEagle@jourrapide.com,1 Georgian Way,Barrie,L4M3X9,ON,Ca,Administrative,Akie3ooph,514-808-4447,Adatum,"OU=Administrative,DC=adatum,DC=com",COMP2138-W2024
Deanna,Johnson,Frok1999,Deanna.Johnson@adatum.com,DeannaCJohnson@superrito.com,1 Georgian Way,Barrie,L4M3X9,ON,Ca,Administrative,ie0Zuy8ie,604-433-8054,Adatum,"OU=Administrative,DC=adatum,DC=com",COMP2138-W2024
John,Aucoin,Himathat,John.Aucoin@adatum.com,JohnDAucoin@gustr.com,1 Georgian Way,Barrie,L4M3X9,ON,Ca,Research,yoRahj6seo,306-343-5966,Adatum,"OU=Research,DC=adatum,DC=com",COMP2138-W2024
Megan,Maxwell,Aind1960,Megan.Maxwell@adatum.com,MeganEMaxwell@einrot.com,1 Georgian Way,Barrie,L4M3X9,ON,Ca,Research,Sies1gee5ah,780-722-1757,Adatum,"OU=Research,DC=adatum,DC=com",COMP2138-W2024
Grace,Jeffries,Opuriank1951,Grace.Jeffries@adatum.com,GraceDJeffries@superrito.com,1 Georgian Way,Barrie,L4M3X9,ON,Ca,Research,AeZai5becoo,519-633-0888,Adatum,"OU=Research,DC=adatum,DC=com",COMP2138-W2024
Harold,Dearth,Wastleime,Harold.Dearth@adatum.com,HaroldEDearth@cuvox.de,1 Georgian Way,Barrie,L4M3X9,ON,Ca,IT,aeK0Toot8sh,416-987-2431,Adatum,"OU=IT,DC=adatum,DC=com",COMP2138-W2024
Willie,Masterson,Hicad2003,Willie.Masterson@adatum.com,WillieKMasterson@jourrapide.com,1 Georgian Way,Barrie,L4M3X9,ON,Ca,IT,nieH4Aphei5,403-755-3212,Adatum,"OU=IT,DC=adatum,DC=com",COMP2138-W2024
Misha,Chambers,Dosever,Misha.Chambers@adatum.com,MishaJChambers@fleckens.hu,1 Georgian Way,Barrie,L4M3X9,ON,Ca,IT,ooquei1ziaW,250-229-6769,Adatum,"OU=IT,DC=adatum,DC=com",COMP2138-W2024
Mel,Joyce,Ladon1964,Mel.Joyce@adatum.com,MelVJoyce@teleworm.us,1 Georgian Way,Barrie,L4M3X9,ON,Ca,IT,Ohyiehaih1oo,418-294-0544,Adatum,"OU=IT,DC=adatum,DC=com",COMP2138-W2024
Mark,Corbin,Rour1945,Mark.Corbin@adatum.com,MarkDCorbin@jourrapide.com,1 Georgian Way,Barrie,L4M3X9,ON,Ca,Operations,eeQu2ejood,902-368-6679,Adatum,"OU=Operations,DC=adatum,DC=com",COMP2138-W2024
Patricia,Graziano,Upasylat1957,Patricia.Graziano@adatum.com,PatriciaRGraziano@jourrapide.com,1 Georgian Way,Barrie,L4M3X9,ON,Ca,Operations,Hiqu8cooZei,905-676-0814,Adatum,"OU=Operations,DC=adatum,DC=com",COMP2138-W2024
Amelia,Banks,Neents,Amelia.Banks@adatum.com,AmeliaJBanks@rhyta.com,1 Georgian Way,Barrie,L4M3X9,ON,Ca,Operations,emaigh2An6Ae,403-472-3426,Adatum,"OU=Operations,DC=adatum,DC=com",COMP2138-W2024
George,Delgado,Andsc1994,George.Delgado@adatum.com,GeorgeTDelgado@rhyta.com,1 Georgian Way,Barrie,L4M3X9,ON,Ca,Operations,aiMoo1aech,905-439-7332,Adatum,"OU=Operations,DC=adatum,DC=com",COMP2138-W2024
Lashonda,Brewer,Artak1950,Lashonda.Brewer@adatum.com,LashondaRBrewer@fleckens.hu,1 Georgian Way,Barrie,L4M3X9,ON,Ca,Operations,aeTh0thu0,403-717-4236,Adatum,"OU=Operations,DC=adatum,DC=com",COMP2138-W2024
Lynn,Estes,Anther81,Lynn.Estes@adatum.com,LynnPEstes@dayrep.com,1 Georgian Way,Barrie,L4M3X9,ON,Ca,Operations,Seugho4xoo,905-256-7423,Adatum,"OU=Operations,DC=adatum,DC=com",COMP2138-W2024
Thomas,Baumbach,Hism1945,Thomas.Baumbach@adatum.com,ThomasLBaumbach@rhyta.com,1 Georgian Way,Barrie,L4M3X9,ON,Ca,Operations,Eroh3Ooqu,403-233-1907,Adatum,"OU=Operations,DC=adatum,DC=com",COMP2138-W2024
Lindsey,Edwards,Skist1966,Lindsey.Edwards@adatum.com,LindseyMEdwards@jourrapide.com,1 Georgian Way,Barrie,L4M3X9,ON,Ca,Operations,ki1ahfeiJ3a,403-266-4175,Adatum,"OU=Operations,DC=adatum,DC=com",COMP2138-W2024
Oda,Orozco,Soffew,Oda.Orozco@adatum.com,OdaAOrozco@einrot.com,1 Georgian Way,Barrie,L4M3X9,ON,Ca,Operations,yohhe0ueCh1,705-375-4636,Adatum,"OU=Operations,DC=adatum,DC=com",COMP2138-W2024
Ted,Gutierrez,Pospond,Ted.Gutierrez@adatum.com,TedMGutierrez@jourrapide.com,1 Georgian Way,Barrie,L4M3X9,ON,Ca,Operations,Shai9pai,604-960-8004,Adatum,"OU=Operations,DC=adatum,DC=com",COMP2138-W2024
Leah,Marmolejo,Thummed79,Leah.Marmolejo@adatum.com,LeahJMarmolejo@jourrapide.com,1 Georgian Way,Barrie,L4M3X9,ON,Ca,Operations,oojeY8quei,514-927-9676,Adatum,"OU=Operations,DC=adatum,DC=com",COMP2138-W2024
Kevin,Fields,Heve1987,Kevin.Fields@adatum.com,KevinTFields@fleckens.hu,1 Georgian Way,Barrie,L4M3X9,ON,Ca,Operations,nahmoo0O,416-230-6546,Adatum,"OU=Operations,DC=adatum,DC=com",COMP2138-W2024
Maxine,Vasquez,Thater,Maxine.Vasquez@adatum.com,MaxineBVasquez@dayrep.com,1 Georgian Way,Barrie,L4M3X9,ON,Ca,Operations,Joo7ohg6aj0,418-257-4581,Adatum,"OU=Operations,DC=adatum,DC=com",COMP2138-W2024
Randolph,Jacobs,Bettly59,Randolph.Jacobs@adatum.com,RandolphDJacobs@armyspy.com,1 Georgian Way,Barrie,L4M3X9,ON,Ca,Operations,aehiey0Ah,647-406-3745,Adatum,"OU=Operations,DC=adatum,DC=com",COMP2138-W2024
Lynda,Holloway,Sullumeent65,Lynda.Holloway@adatum.com,LyndaJHolloway@teleworm.us,1 Georgian Way,Barrie,L4M3X9,ON,Ca,Operations,EeLai3saenai,418-589-4710,Adatum,"OU=Operations,DC=adatum,DC=com",COMP2138-W2024
Juan,Stephens,Onch1959,Juan.Stephens@adatum.com,JuanAStephens@teleworm.us,1 Georgian Way,Barrie,L4M3X9,ON,Ca,Operations,ohl1Ohl8aeT,250-435-5626,Adatum,"OU=Operations,DC=adatum,DC=com",COMP2138-W2024
