firstname,lastname,username,email,personalemail,streetaddress,city,zipcode,state,country,department,password,telephone,company,ou,physicalDeliveryOfficeName
Paul,Sundberg,Hicestowill,Paul.Sundberg@adatum.com,PaulTSundberg@cuvox.de,1 Georgian Way,Barrie,L4M3X9,ON,Ca,Managers,waithei4Ga2,514-830-2653,Adatum,"OU=Managers,DC=adatum,DC=com",COMP2138-W2024
Roberta,Farrar,Fetudiet,Roberta.Farrar@adatum.com,RobertaAFarrar@dayrep.com,1 Georgian Way,Barrie,L4M3X9,ON,Ca,Managers,ar6yieGh,250-657-7192,Adatum,"OU=Managers,DC=adatum,DC=com",COMP2138-W2024
Amanda,Lewis,Ladon1999,Amanda.Lewis@adatum.com,AmandaMLewis@gustr.com,1 Georgian Way,Barrie,L4M3X9,ON,Ca,Administrative,wahsoKoh6,613-943-2698,Adatum,"OU=Administrative,DC=adatum,DC=com",COMP2138-W2024
John,Harris,Thimpea,John.Harris@adatum.com,JohnHHarris@gustr.com,1 Georgian Way,Barrie,L4M3X9,ON,Ca,Administrative,UiMai7ailei,403-563-3760,Adatum,"OU=Administrative,DC=adatum,DC=com",COMP2138-W2024
Ryan,Gore,Felich,Ryan.Gore@adatum.com,RyanBGore@fleckens.hu,1 Georgian Way,Barrie,L4M3X9,ON,Ca,Research,aN9Mahjoo,613-649-6703,Adatum,"OU=Research,DC=adatum,DC=com",COMP2138-W2024
Jesus,Parker,Moutica,Jesus.Parker@adatum.com,JesusBParker@gustr.com,1 Georgian Way,Barrie,L4M3X9,ON,Ca,Research,ahp5aePhei,250-446-9842,Adatum,"OU=Research,DC=adatum,DC=com",COMP2138-W2024
Lauren,Wilks,Scrioned,Lauren.Wilks@adatum.com,LaurenRWilks@fleckens.hu,1 Georgian Way,Barrie,L4M3X9,ON,Ca,Research,ohya9Iahoo,514-286-9646,Adatum,"OU=Research,DC=adatum,DC=com",COMP2138-W2024
Antoinette,Lang,Hisho1958,Antoinette.Lang@adatum.com,AntoinetteWLang@fleckens.hu,1 Georgian Way,Barrie,L4M3X9,ON,Ca,IT,aaXohka6Oo,613-646-6627,Adatum,"OU=IT,DC=adatum,DC=com",COMP2138-W2024
Joshua,Williams,Militaidele78,Joshua.Williams@adatum.com,JoshuaEWilliams@fleckens.hu,1 Georgian Way,Barrie,L4M3X9,ON,Ca,IT,eipho3caid3Ae,250-472-1529,Adatum,"OU=IT,DC=adatum,DC=com",COMP2138-W2024
Grace,Mitchell,Thernisom,Grace.Mitchell@adatum.com,GraceAMitchell@dayrep.com,1 Georgian Way,Barrie,L4M3X9,ON,Ca,IT,aSuch7aech,514-996-7933,Adatum,"OU=IT,DC=adatum,DC=com",COMP2138-W2024
Charles,Cobb,Peced1950,Charles.Cobb@adatum.com,CharlesRCobb@cuvox.de,1 Georgian Way,Barrie,L4M3X9,ON,Ca,IT,oon2Eegh7,418-809-4766,Adatum,"OU=IT,DC=adatum,DC=com",COMP2138-W2024
Doris,Adorno,Whastood,Doris.Adorno@adatum.com,DorisQAdorno@armyspy.com,1 Georgian Way,Barrie,L4M3X9,ON,Ca,Operations,Weehaech0ei,905-298-6475,Adatum,"OU=Operations,DC=adatum,DC=com",COMP2138-W2024
Gary,Burkley,Allashom,Gary.Burkley@adatum.com,GaryCBurkley@superrito.com,1 Georgian Way,Barrie,L4M3X9,ON,Ca,Operations,uphe8ies9I,403-752-0201,Adatum,"OU=Operations,DC=adatum,DC=com",COMP2138-W2024
Jose,Robinson,Queeme,Jose.Robinson@adatum.com,JoseGRobinson@teleworm.us,1 Georgian Way,Barrie,L4M3X9,ON,Ca,Operations,ohwatoo2oP0Ee,705-493-7975,Adatum,"OU=Operations,DC=adatum,DC=com",COMP2138-W2024
Gloria,Daniel,Thatied,Gloria.Daniel@adatum.com,GloriaMDaniel@teleworm.us,1 Georgian Way,Barrie,L4M3X9,ON,Ca,Operations,yufu3ahv7U,416-388-4054,Adatum,"OU=Operations,DC=adatum,DC=com",COMP2138-W2024
James,Griswold,Builithe70,James.Griswold@adatum.com,JamesPGriswold@rhyta.com,1 Georgian Way,Barrie,L4M3X9,ON,Ca,Operations,Ezahg2quai,905-508-8819,Adatum,"OU=Operations,DC=adatum,DC=com",COMP2138-W2024
Maura,Moss,Roff1950,Maura.Moss@adatum.com,MauraJMoss@gustr.com,1 Georgian Way,Barrie,L4M3X9,ON,Ca,Operations,peQu1raesi,403-343-2607,Adatum,"OU=Operations,DC=adatum,DC=com",COMP2138-W2024
